{
  "vanilla_rag:dense_bge_compatible": {
    "recall_at_5": 0.6095238095238095,
    "recall_at_5_std": 0.303174871254469,
    "recall_at_10": 0.6849206349206349,
    "recall_at_10_std": 0.3042075651648608,
    "recall_at_20": 0.7060846560846561,
    "recall_at_20_std": 0.30364130630888747,
    "recall_at_30": 0.7060846560846561,
    "recall_at_30_std": 0.30364130630888747,
    "recall_at_40": 0.7060846560846561,
    "recall_at_40_std": 0.30364130630888747,
    "precision_at_5": 0.27936507936507937,
    "precision_at_5_std": 0.15043885282166988,
    "precision_at_10": 0.15555555555555556,
    "precision_at_10_std": 0.0757282445662753,
    "precision_at_20": 0.08015873015873017,
    "precision_at_20_std": 0.03760971320541747,
    "precision_at_30": 0.05343915343915344,
    "precision_at_30_std": 0.02507314213694498,
    "precision_at_40": 0.04007936507936508,
    "precision_at_40_std": 0.018804856602708735,
    "hit_at_5": 0.9206349206349206,
    "hit_at_5_std": 0.2724789013191783,
    "hit_at_10": 0.9523809523809523,
    "hit_at_10_std": 0.2146693953705459,
    "hit_at_20": 0.9523809523809523,
    "hit_at_20_std": 0.2146693953705459,
    "hit_at_30": 0.9523809523809523,
    "hit_at_30_std": 0.2146693953705459,
    "hit_at_40": 0.9523809523809523,
    "hit_at_40_std": 0.2146693953705459,
    "complete_at_5": 0.30158730158730157,
    "complete_at_5_std": 0.46263343794052075,
    "complete_at_10": 0.42857142857142855,
    "complete_at_10_std": 0.49884659592632397,
    "complete_at_20": 0.4603174603174603,
    "complete_at_20_std": 0.5024262688772971,
    "complete_at_30": 0.4603174603174603,
    "complete_at_30_std": 0.5024262688772971,
    "complete_at_40": 0.4603174603174603,
    "complete_at_40_std": 0.5024262688772971,
    "mrr": 0.8068783068783069,
    "mrr_std": 0.32372765724144875,
    "ndcg_at_10": 0.6443285614078967,
    "ndcg_at_10_std": 0.26070751231406536,
    "bridge_recall_at_20": 0.14285714285714285,
    "bridge_recall_at_20_std": 0.3527378107513292,
    "latency_ms": 119.17539817162805,
    "latency_ms_std": 63.17083824602863
  },
  "hypergraph:evidence_hypergraph": {
    "recall_at_5": 0.5994708994708995,
    "recall_at_5_std": 0.28977448056640387,
    "recall_at_10": 0.6603174603174603,
    "recall_at_10_std": 0.31005301563416576,
    "recall_at_20": 0.6682539682539682,
    "recall_at_20_std": 0.31227449620982967,
    "recall_at_30": 0.6682539682539682,
    "recall_at_30_std": 0.31227449620982967,
    "recall_at_40": 0.6682539682539682,
    "recall_at_40_std": 0.31227449620982967,
    "precision_at_5": 0.27301587301587305,
    "precision_at_5_std": 0.1405132862577463,
    "precision_at_10": 0.1492063492063492,
    "precision_at_10_std": 0.07155646512351531,
    "precision_at_20": 0.0753968253968254,
    "precision_at_20_std": 0.035778232561757654,
    "precision_at_30": 0.05026455026455026,
    "precision_at_30_std": 0.023852155041171767,
    "precision_at_40": 0.0376984126984127,
    "precision_at_40_std": 0.017889116280878827,
    "hit_at_5": 0.9365079365079365,
    "hit_at_5_std": 0.2458045298026051,
    "hit_at_10": 0.9365079365079365,
    "hit_at_10_std": 0.2458045298026051,
    "hit_at_20": 0.9365079365079365,
    "hit_at_20_std": 0.2458045298026051,
    "hit_at_30": 0.9365079365079365,
    "hit_at_30_std": 0.2458045298026051,
    "hit_at_40": 0.9365079365079365,
    "hit_at_40_std": 0.2458045298026051,
    "complete_at_5": 0.2857142857142857,
    "complete_at_5_std": 0.4553825555391872,
    "complete_at_10": 0.3968253968253968,
    "complete_at_10_std": 0.4931689018948893,
    "complete_at_20": 0.4126984126984127,
    "complete_at_20_std": 0.4962738784348766,
    "complete_at_30": 0.4126984126984127,
    "complete_at_30_std": 0.4962738784348766,
    "complete_at_40": 0.4126984126984127,
    "complete_at_40_std": 0.4962738784348766,
    "mrr": 0.8246031746031746,
    "mrr_std": 0.31997223701889765,
    "ndcg_at_10": 0.6351727571115262,
    "ndcg_at_10_std": 0.2538348736781265,
    "bridge_recall_at_20": 0.06349206349206349,
    "bridge_recall_at_20_std": 0.2458045298026051,
    "latency_ms": 52.31416753921953,
    "latency_ms_std": 36.74408652271495
  },
  "graph:entity_relation": {
    "recall_at_5": 0.6386243386243386,
    "recall_at_5_std": 0.296164631951328,
    "recall_at_10": 0.7753968253968254,
    "recall_at_10_std": 0.2748387787898151,
    "recall_at_20": 0.8719576719576719,
    "recall_at_20_std": 0.24917112408041264,
    "recall_at_30": 0.8878306878306879,
    "recall_at_30_std": 0.24061611384153028,
    "recall_at_40": 0.8931216931216931,
    "recall_at_40_std": 0.23933590394272966,
    "precision_at_5": 0.2984126984126984,
    "precision_at_5_std": 0.16013307318125164,
    "precision_at_10": 0.18095238095238095,
    "precision_at_10_std": 0.0800345547492897,
    "precision_at_20": 0.10238095238095238,
    "precision_at_20_std": 0.04157054966052699,
    "precision_at_30": 0.06931216931216931,
    "precision_at_30_std": 0.026975089598335993,
    "precision_at_40": 0.05238095238095238,
    "precision_at_40_std": 0.020435917598938372,
    "hit_at_5": 0.9365079365079365,
    "hit_at_5_std": 0.2458045298026051,
    "hit_at_10": 0.9682539682539683,
    "hit_at_10_std": 0.17673143177130224,
    "hit_at_20": 0.9682539682539683,
    "hit_at_20_std": 0.17673143177130224,
    "hit_at_30": 0.9682539682539683,
    "hit_at_30_std": 0.17673143177130224,
    "hit_at_40": 0.9682539682539683,
    "hit_at_40_std": 0.17673143177130224,
    "complete_at_5": 0.3333333333333333,
    "complete_at_5_std": 0.47519096331149147,
    "complete_at_10": 0.5555555555555556,
    "complete_at_10_std": 0.5008952558646071,
    "complete_at_20": 0.7619047619047619,
    "complete_at_20_std": 0.4293387907410918,
    "complete_at_30": 0.7936507936507936,
    "complete_at_30_std": 0.4079346152039785,
    "complete_at_40": 0.8095238095238095,
    "complete_at_40_std": 0.3958308068477864,
    "mrr": 0.8181216931216931,
    "mrr_std": 0.31593555840807336,
    "ndcg_at_10": 0.6873621781880402,
    "ndcg_at_10_std": 0.24493683465935126,
    "bridge_recall_at_20": 0.07936507936507936,
    "bridge_recall_at_20_std": 0.2724789013191783,
    "latency_ms": 143.77086794757773,
    "latency_ms_std": 75.99386429586556
  },
  "graph:reified_fact": {
    "recall_at_5": 0.6518518518518519,
    "recall_at_5_std": 0.2840299960039923,
    "recall_at_10": 0.8052910052910053,
    "recall_at_10_std": 0.24362527406880863,
    "recall_at_20": 0.9142857142857143,
    "recall_at_20_std": 0.18096854968591208,
    "recall_at_30": 0.946031746031746,
    "recall_at_30_std": 0.14534948260731453,
    "recall_at_40": 0.9671957671957672,
    "recall_at_40_std": 0.11461202491098316,
    "precision_at_5": 0.3015873015873016,
    "precision_at_5_std": 0.1475521378514612,
    "precision_at_10": 0.18412698412698414,
    "precision_at_10_std": 0.06526953843263657,
    "precision_at_20": 0.10634920634920636,
    "precision_at_20_std": 0.03534628635426045,
    "precision_at_30": 0.07301587301587302,
    "precision_at_30_std": 0.021466939537054593,
    "precision_at_40": 0.055952380952380955,
    "precision_at_40_std": 0.015367989953386008,
    "hit_at_5": 0.9523809523809523,
    "hit_at_5_std": 0.2146693953705459,
    "hit_at_10": 1.0,
    "hit_at_10_std": 0.0,
    "hit_at_20": 1.0,
    "hit_at_20_std": 0.0,
    "hit_at_30": 1.0,
    "hit_at_30_std": 0.0,
    "hit_at_40": 1.0,
    "hit_at_40_std": 0.0,
    "complete_at_5": 0.3333333333333333,
    "complete_at_5_std": 0.47519096331149147,
    "complete_at_10": 0.5873015873015873,
    "complete_at_10_std": 0.4962738784348766,
    "complete_at_20": 0.8095238095238095,
    "complete_at_20_std": 0.3958308068477864,
    "complete_at_30": 0.873015873015873,
    "complete_at_30_std": 0.3356295717325918,
    "complete_at_40": 0.9206349206349206,
    "complete_at_40_std": 0.2724789013191783,
    "mrr": 0.8366402116402116,
    "mrr_std": 0.2919834672836453,
    "ndcg_at_10": 0.7069251171827631,
    "ndcg_at_10_std": 0.2118808040019326,