{
  "hypergraph:evidence_hypergraph": {
    "recall_at_10": 0.44,
    "recall_at_20": 0.44,
    "mrr": 0.525,
    "ndcg_at_10": 0.37199295746108013,
    "bridge_recall_at_20": 0.0,
    "latency_ms": 251.9758415990509
  },
  "graph:entity_relation": {
    "recall_at_10": 0.6666666666666666,
    "recall_at_20": 0.7066666666666667,
    "mrr": 0.6833333333333333,
    "ndcg_at_10": 0.5865541648645939,
    "bridge_recall_at_20": 0.0,
    "latency_ms": 399.20177499298006
  },
  "graph:reified_fact": {
    "recall_at_10": 0.6666666666666666,
    "recall_at_20": 0.7733333333333333,
    "mrr": 0.6848484848484848,
    "ndcg_at_10": 0.5865541648645939,
    "bridge_recall_at_20": 0.0,
    "latency_ms": 417.7305084071122
  }
}