{
  "vanilla_rag:dense_bge_compatible": {
    "recall_at_10": 0.7087301587301588,
    "recall_at_10_std": 0.2889056279368033,
    "recall_at_20": 0.7298941798941799,
    "recall_at_20_std": 0.28652782850326886,
    "mrr": 0.8201058201058201,
    "mrr_std": 0.31223782880966483,
    "ndcg_at_10": 0.6595256952950299,
    "ndcg_at_10_std": 0.24065667312353975,
    "bridge_recall_at_20": 0.1746031746031746,
    "bridge_recall_at_20_std": 0.38267658962604945,
    "latency_ms": 101.48703439589886,
    "latency_ms_std": 36.98523322407909
  },
  "hypergraph:evidence_hypergraph": {
    "recall_at_10": 0.707936507936508,
    "recall_at_10_std": 0.29390244679738026,
    "recall_at_20": 0.7158730158730159,
    "recall_at_20_std": 0.2949459061550163,
    "mrr": 0.8325396825396826,
    "mrr_std": 0.305041694244991,
    "ndcg_at_10": 0.6648804965961714,
    "ndcg_at_10_std": 0.24185392403262418,
    "bridge_recall_at_20": 0.047619047619047616,
    "bridge_recall_at_20_std": 0.2146693953705459,
    "latency_ms": 36.06918268644857,
    "latency_ms_std": 18.853133984446174
  },
  "graph:entity_relation": {
    "recall_at_10": 0.7555555555555555,
    "recall_at_10_std": 0.28847330184635145,
    "recall_at_20": 0.8560846560846561,
    "recall_at_20_std": 0.25644561049215725,
    "mrr": 0.7951940035273368,
    "mrr_std": 0.3304927526667032,
    "ndcg_at_10": 0.6668438370641216,
    "ndcg_at_10_std": 0.25854667406662757,
    "bridge_recall_at_20": 0.09523809523809523,
    "bridge_recall_at_20_std": 0.29590134113693356,
    "latency_ms": 96.55029890275308,
    "latency_ms_std": 37.28488463564141
  },
  "graph:reified_fact": {
    "recall_at_10": 0.8052910052910053,
    "recall_at_10_std": 0.24362527406880863,
    "recall_at_20": 0.9142857142857143,
    "recall_at_20_std": 0.18096854968591208,
    "mrr": 0.8366402116402116,
    "mrr_std": 0.2919834672836453,
    "ndcg_at_10": 0.7069251171827631,
    "ndcg_at_10_std": 0.2118808040019326,
    "bridge_recall_at_20": 0.0,
    "bridge_recall_at_20_std": 0.0,
    "latency_ms": 45.183150969918756,
    "latency_ms_std": 46.706546006057046
  }
}