{
  "graph:entity_relation:base_reranker": {
    "system": "graph:entity_relation",
    "factor": "base_reranker",
    "recall_at_20": {
      "mean": 0.0688639035861258,
      "ci95_low": 0.05499706055261611,
      "ci95_high": 0.08299529688418576,
      "p_two_sided": 9.999000099990002e-05,
      "observations": 189
    },
    "mrr": {
      "mean": 0.26519031555290307,
      "ci95_low": 0.2335649546742136,
      "ci95_high": 0.29653628680269484,
      "p_two_sided": 9.999000099990002e-05,
      "observations": 189
    },
    "passage_recall_at_5": {
      "mean": 0.1345679012345679,
      "ci95_low": 0.11256613756613756,
      "ci95_high": 0.15674603174603174,
      "p_two_sided": 9.999000099990002e-05,
      "observations": 189
    },
    "path_f1": {
      "mean": 0.1634920634920635,
      "ci95_low": 0.13606701940035273,
      "ci95_high": 0.19056437389770722,
      "p_two_sided": 9.999000099990002e-05,
      "observations": 189
    }
  },
  "graph:entity_relation:bm25": {
    "system": "graph:entity_relation",
    "factor": "bm25",
    "recall_at_20": {
      "mean": 0.2629923574368018,
      "ci95_low": 0.23880070546737214,
      "ci95_high": 0.2867136978248089,
      "p_two_sided": 9.999000099990002e-05,
      "observations": 189
    },
    "mrr": {
      "mean": 0.224124359496496,
      "ci95_low": 0.20224478131005622,
      "ci95_high": 0.2459629183845355,
      "p_two_sided": 9.999000099990002e-05,
      "observations": 189
    },
    "passage_recall_at_5": {
      "mean": 0.2686067019400353,
      "ci95_low": 0.24585537918871253,
      "ci95_high": 0.29126984126984123,
      "p_two_sided": 9.999000099990002e-05,
      "observations": 189
    },
    "path_f1": {
      "mean": 0.1804673721340388,
      "ci95_low": 0.16186067019400355,
      "ci95_high": 0.19929453262786595,
      "p_two_sided": 9.999000099990002e-05,
      "observations": 189
    }
  },
  "graph:entity_relation:entity_expansion": {
    "system": "graph:entity_relation",
    "factor": "entity_expansion",
    "recall_at_20": {
      "mean": 0.5987360376249266,
      "ci95_low": 0.5707818930041152,
      "ci95_high": 0.6262639623750734,
      "p_two_sided": 9.999000099990002e-05,
      "observations": 189
    },
    "mrr": {
      "mean": 0.3852898260613043,
      "ci95_low": 0.3543564382409338,
      "ci95_high": 0.41767764676843405,
      "p_two_sided": 9.999000099990002e-05,
      "observations": 189
    },
    "passage_recall_at_5": {
      "mean": 0.5117724867724868,
      "ci95_low": 0.47848324514991186,
      "ci95_high": 0.5444003527336861,
      "p_two_sided": 9.999000099990002e-05,
      "observations": 189
    },
    "path_f1": {
      "mean": 0.35771604938271606,
      "ci95_low": 0.3253968253968254,
      "ci95_high": 0.39060846560846557,
      "p_two_sided": 9.999000099990002e-05,
      "observations": 189
    }
  },
  "graph:entity_relation:graph_rerank": {
    "system": "graph:entity_relation",
    "factor": "graph_rerank",
    "recall_at_20": {
      "mean": -0.0019253380364491481,
      "ci95_low": -0.004526748971193417,
      "ci95_high": 0.0004997060552616105,
      "p_two_sided": 0.138986101389861,
      "observations": 189
    },
    "mrr": {
      "mean": -0.007352692571020039,
      "ci95_low": -0.01171019671078809,
      "ci95_high": -0.0035460116755916668,
      "p_two_sided": 0.00039996000399960006,
      "observations": 189
    },
    "passage_recall_at_5": {
      "mean": -0.0049823633156966494,
      "ci95_low": -0.008377425044091709,
      "ci95_high": -0.0019400352733686072,
      "p_two_sided": 0.0018998100189981002,
      "observations": 189
    },
    "path_f1": {
      "mean": -0.006261022927689596,
      "ci95_low": -0.010141093474426809,
      "ci95_high": -0.0029100529100529104,
      "p_two_sided": 0.0006999300069993001,
      "observations": 189
    }
  },
  "graph:entity_relation:spectral": {
    "system": "graph:entity_relation",
    "factor": "spectral",
    "recall_at_20": {
      "mean": -0.0045047031158142285,
      "ci95_low": -0.015424750146972374,
      "ci95_high": 0.006591710758377423,
      "p_two_sided": 0.43785621437856215,
      "observations": 189
    },
    "mrr": {
      "mean": -0.03193434822222296,
      "ci95_low": -0.04247689351326869,
      "ci95_high": -0.021209995438373996,
      "p_two_sided": 9.999000099990002e-05,
      "observations": 189
    },
    "passage_recall_at_5": {
      "mean": -0.018430335097001763,
      "ci95_low": -0.028835978835978833,
      "ci95_high": -0.007716049382716049,
      "p_two_sided": 0.0005999400059994001,
      "observations": 189
    },
    "path_f1": {
      "mean": -0.020811287477954146,
      "ci95_low": -0.029673721340388013,
      "ci95_high": -0.01216931216931217,
      "p_two_sided": 9.999000099990002e-05,
      "observations": 189
    }
  },
  "graph:reified_fact:base_reranker": {
    "system": "graph:reified_fact",
    "factor": "base_reranker",
    "recall_at_20": {
      "mean": 0.09664609053497943,
      "ci95_low": 0.08055408583186362,
      "ci95_high": 0.11309523809523811,
      "p_two_sided": 9.999000099990002e-05,
      "observations": 189
    },
    "mrr": {
      "mean": 0.26941560680293014,
      "ci95_low": 0.2304004893020537,
      "ci95_high": 0.3063787329933909,
      "p_two_sided": 9.999000099990002e-05,
      "observations": 189
    },
    "passage_recall_at_5": {
      "mean": 0.15238095238095237,
      "ci95_low": 0.13020282186948853,
      "ci95_high": 0.1752204585537919,
      "p_two_sided": 9.999000099990002e-05,
      "observations": 189
    },
    "path_f1": {
      "mean": 0.1934744268077601,
      "ci95_low": 0.16000881834215167,
      "ci95_high": 0.22680776014109347,
      "p_two_sided": 9.999000099990002e-05,
      "observations": 189
    }
  },
  "graph:reified_fact:bm25": {
    "system": "graph:reified_fact",
    "factor": "bm25",
    "recall_at_20": {
      "mean": 0.03033950617283951,
      "ci95_low": 0.01928424456202234,
      "ci95_high": 0.041556437389770724,
      "p_two_sided": 9.999000099990002e-05,
      "observations": 189
    },
    "mrr": {
      "mean": 0.008125128618211066,
      "ci95_low": -0.007579958162475162,
      "ci95_high": 0.023442563739122492,
      "p_two_sided": 0.30586941305869414,
      "observations": 189
    },
    "passage_recall_at_5": {
      "mean": -0.004144620811287478,
      "ci95_low": -0.016622574955908288,
      "ci95_high": 0.008377425044091709,
      "p_two_sided": 0.5221477852214779,
      "observations": 189
    },
    "path_f1": {
      "mean": -0.015887713109935333,
      "ci95_low": -0.027175191064079954,
      "ci95_high": -0.004820693709582598,
      "p_two_sided": 0.005599440055994401,
      "observations": 189
    }
  },
  "graph:reified_fact:entity_expansion": {
    "system": "graph:reified_fact",
    "factor": "entity_expansion",
    "recall_at_20": {
      "mean": 0.0878424456202234,
      "ci95_low": 0.0661713697824809,
      "ci95_high": 0.10998383303938859,
      "p_two_sided": 9.999000099990002e-05,
      "observations": 189
    },
    "mrr": {
      "mean": -0.04832172966735299,
      "ci95_low": -0.06294795552486196,
      "ci95_high": -0.03302526891368158,
      "p_two_sided": 9.999000099990002e-05,
      "observations": 189
    },
    "passage_recall_at_5": {
      "mean": 0.0077601410934744226,
      "ci95_low": -0.010670194003527337,
      "ci95_high": 0.025925925925925918,
      "p_two_sided": 0.40655934406559346,
      "observations": 189
    },
    "path_f1": {
      "mean": -0.01963550852439741,
      "ci95_low": -0.03365667254556144,
      "ci95_high": -0.005129335684891236,
      "p_two_sided": 0.009499050094990502,
      "observations": 189
    }
  },
  "graph:reified_fact:graph_rerank": {
    "system": "graph:reified_fact",
    "factor": "graph_rerank",
    "recall_at_20": {
      "mean": -0.017918871252204586,
      "ci95_low": -0.024882422104644326,
      "ci95_high": -0.010640799529688418,
      "p_two_sided": 9.999000099990002e-05,