{
  "graph:entity_relation:full_base": {
    "system": "graph:entity_relation",
    "condition": "full_base",
    "rows": 189,
    "recall_at_20_mean": 0.9241622574955908,
    "recall_at_20_std": 0.0030547633290456708,
    "mrr_mean": 0.8353174603174603,
    "mrr_std": 0.0016364803548458906,
    "passage_recall_at_5_mean": 0.8915343915343915,
    "passage_recall_at_5_std": 0.004582144993568507,
    "path_f1_mean": 0.6746031746031746,
    "path_f1_std": 0.0
  },
  "graph:entity_relation:full_lora": {
    "system": "graph:entity_relation",
    "condition": "full_lora",
    "rows": 189,
    "recall_at_20_mean": 0.9409171075837742,
    "recall_at_20_std": 0.0015273816645227714,
    "mrr_mean": 0.8772147605480939,
    "mrr_std": 0.011302697596377219,
    "passage_recall_at_5_mean": 0.9206349206349206,
    "passage_recall_at_5_std": 0.0,
    "path_f1_mean": 0.753968253968254,
    "path_f1_std": 0.013746434980705326
  },
  "graph:entity_relation:full_no_neural_reranker": {
    "system": "graph:entity_relation",
    "condition": "full_no_neural_reranker",
    "rows": 189,
    "recall_at_20_mean": 0.7941798941798942,
    "recall_at_20_std": 0.00904127380456882,
    "mrr_mean": 0.37887712252804534,
    "mrr_std": 0.0587271032596225,
    "passage_recall_at_5_mean": 0.6375661375661376,
    "passage_recall_at_5_std": 0.04371087735941348,
    "path_f1_mean": 0.3888888888888889,
    "path_f1_std": 0.05555555555555554
  },
  "graph:entity_relation:raw_minimal": {
    "system": "graph:entity_relation",
    "condition": "raw_minimal",
    "rows": 189,
    "recall_at_20_mean": 0.0,
    "recall_at_20_std": 0.0,
    "mrr_mean": 0.0,
    "mrr_std": 0.0,
    "passage_recall_at_5_mean": 0.0,
    "passage_recall_at_5_std": 0.0,
    "path_f1_mean": 0.0,
    "path_f1_std": 0.0
  },
  "graph:reified_fact:full_base": {
    "system": "graph:reified_fact",
    "condition": "full_base",
    "rows": 189,
    "recall_at_20_mean": 0.9312169312169312,
    "recall_at_20_std": 0.004582144993568442,
    "mrr_mean": 0.8379920344206059,
    "mrr_std": 0.002996017880410135,
    "passage_recall_at_5_mean": 0.8835978835978836,
    "passage_recall_at_5_std": 0.004582144993568442,
    "path_f1_mean": 0.6666666666666666,
    "path_f1_std": 0.0
  },
  "graph:reified_fact:full_lora": {
    "system": "graph:reified_fact",
    "condition": "full_lora",
    "rows": 189,
    "recall_at_20_mean": 0.9488536155202821,
    "recall_at_20_std": 0.00404107204140726,
    "mrr_mean": 0.8876543209876543,
    "mrr_std": 0.011855669893958316,
    "passage_recall_at_5_mean": 0.9259259259259259,
    "passage_recall_at_5_std": 0.004582144993568507,
    "path_f1_mean": 0.7513227513227513,
    "path_f1_std": 0.01997310697161578
  },
  "graph:reified_fact:full_no_neural_reranker": {
    "system": "graph:reified_fact",
    "condition": "full_no_neural_reranker",
    "rows": 189,
    "recall_at_20_mean": 0.7164021164021164,
    "recall_at_20_std": 0.018173274598513856,
    "mrr_mean": 0.41001337139139243,
    "mrr_std": 0.0026672780903965842,
    "passage_recall_at_5_mean": 0.5952380952380952,
    "passage_recall_at_5_std": 0.007936507936507908,
    "path_f1_mean": 0.373015873015873,
    "path_f1_std": 0.0
  },
  "graph:reified_fact:raw_minimal": {
    "system": "graph:reified_fact",
    "condition": "raw_minimal",
    "rows": 189,
    "recall_at_20_mean": 0.6981481481481482,
    "recall_at_20_std": 0.0,
    "mrr_mean": 0.7459072517896047,
    "mrr_std": 0.0,
    "passage_recall_at_5_mean": 0.7380952380952381,
    "passage_recall_at_5_std": 0.0,
    "path_f1_mean": 0.58994708994709,
    "path_f1_std": 0.0
  },
  "hypergraph:evidence_hypergraph:full_base": {
    "system": "hypergraph:evidence_hypergraph",
    "condition": "full_base",
    "rows": 189,
    "recall_at_20_mean": 0.8767195767195768,
    "recall_at_20_std": 0.004582144993568442,
    "mrr_mean": 0.8437034746558556,
    "mrr_std": 0.0005516128349021896,
    "passage_recall_at_5_mean": 0.8597883597883598,
    "passage_recall_at_5_std": 0.009164289987136948,
    "path_f1_mean": 0.6507936507936508,
    "path_f1_std": 0.0
  },
  "hypergraph:evidence_hypergraph:full_lora": {
    "system": "hypergraph:evidence_hypergraph",
    "condition": "full_lora",
    "rows": 189,
    "recall_at_20_mean": 0.8793650793650793,
    "recall_at_20_std": 0.0,
    "mrr_mean": 0.8925925925925926,
    "mrr_std": 0.00549857399228213,
    "passage_recall_at_5_mean": 0.8941798941798942,
    "passage_recall_at_5_std": 0.016521158725921692,
    "path_f1_mean": 0.7380952380952381,
    "path_f1_std": 0.007936507936507964
  },
  "hypergraph:evidence_hypergraph:full_no_neural_reranker": {
    "system": "hypergraph:evidence_hypergraph",
    "condition": "full_no_neural_reranker",
    "rows": 189,
    "recall_at_20_mean": 0.7470899470899471,
    "recall_at_20_std": 0.0160375074774896,
    "mrr_mean": 0.49178420738525713,
    "mrr_std": 0.02028409472169588,
    "passage_recall_at_5_mean": 0.6640211640211641,
    "passage_recall_at_5_std": 0.0255123036005105,
    "path_f1_mean": 0.41005291005291006,
    "path_f1_std": 0.018328579974273833
  },
  "hypergraph:evidence_hypergraph:raw_minimal": {
    "system": "hypergraph:evidence_hypergraph",
    "condition": "raw_minimal",
    "rows": 189,
    "recall_at_20_mean": 0.6981481481481482,
    "recall_at_20_std": 0.0,
    "mrr_mean": 0.7459072517896047,
    "mrr_std": 0.0,
    "passage_recall_at_5_mean": 0.7380952380952381,
    "passage_recall_at_5_std": 0.0,
    "path_f1_mean": 0.58994708994709,
    "path_f1_std": 0.0
  }
}