{
  "hop_count": {
    "2": {
      "semantic+lap_pe": {
        "recall_at_10": 0.5,
        "recall_at_20": 1.0,
        "mrr": 0.25,
        "ndcg_at_10": 0.2640681225725909,
        "bridge_recall_at_20": 0.0,
        "latency_ms": 5.9053750010207295
      },
      "laplacian_eigenmaps": {
        "recall_at_10": 0.5,
        "recall_at_20": 0.5,
        "mrr": 0.5,
        "ndcg_at_10": 0.38685280723454163,
        "bridge_recall_at_20": 0.0,
        "latency_ms": 5.19225001335144
      }
    }
  },
  "query_type": {
    "comparison": {
      "semantic+lap_pe": {
        "recall_at_10": 0.5,
        "recall_at_20": 1.0,
        "mrr": 0.25,
        "ndcg_at_10": 0.2640681225725909,
        "bridge_recall_at_20": 0.0,
        "latency_ms": 5.9053750010207295
      },
      "laplacian_eigenmaps": {
        "recall_at_10": 0.5,
        "recall_at_20": 0.5,
        "mrr": 0.5,
        "ndcg_at_10": 0.38685280723454163,
        "bridge_recall_at_20": 0.0,
        "latency_ms": 5.19225001335144
      }
    }
  }
}