{
  "vanilla_rag:dense_bge_compatible": {
    "recall_at_5": 0.6280423280423281,
    "recall_at_5_std": 0.29646703136841307,
    "recall_at_10": 0.7087301587301588,
    "recall_at_10_std": 0.2889056279368033,
    "recall_at_20": 0.7298941798941799,
    "recall_at_20_std": 0.28652782850326886,
    "recall_at_30": 0.7298941798941799,
    "recall_at_30_std": 0.28652782850326886,
    "recall_at_40": 0.7298941798941799,
    "recall_at_40_std": 0.28652782850326886,
    "precision_at_5": 0.2888888888888889,
    "precision_at_5_std": 0.14713512673632106,
    "precision_at_10": 0.1619047619047619,
    "precision_at_10_std": 0.07279793383405131,
    "precision_at_20": 0.08333333333333334,
    "precision_at_20_std": 0.03592106040535498,
    "precision_at_30": 0.05555555555555555,
    "precision_at_30_std": 0.023947373603569987,
    "precision_at_40": 0.04166666666666667,
    "precision_at_40_std": 0.01796053020267749,
    "hit_at_5": 0.9365079365079365,
    "hit_at_5_std": 0.2458045298026051,
    "hit_at_10": 0.9682539682539683,
    "hit_at_10_std": 0.17673143177130224,
    "hit_at_20": 0.9682539682539683,
    "hit_at_20_std": 0.17673143177130224,
    "hit_at_30": 0.9682539682539683,
    "hit_at_30_std": 0.17673143177130224,
    "hit_at_40": 0.9682539682539683,
    "hit_at_40_std": 0.17673143177130224,
    "complete_at_5": 0.31746031746031744,
    "complete_at_5_std": 0.4692271210638118,
    "complete_at_10": 0.4444444444444444,
    "complete_at_10_std": 0.5008952558646071,
    "complete_at_20": 0.47619047619047616,
    "complete_at_20_std": 0.5034443575988877,
    "complete_at_30": 0.47619047619047616,
    "complete_at_30_std": 0.5034443575988877,
    "complete_at_40": 0.47619047619047616,
    "complete_at_40_std": 0.5034443575988877,
    "mrr": 0.8201058201058201,
    "mrr_std": 0.31223782880966483,
    "ndcg_at_10": 0.6595256952950299,
    "ndcg_at_10_std": 0.24065667312353975,
    "bridge_recall_at_20": 0.1746031746031746,
    "bridge_recall_at_20_std": 0.38267658962604945,
    "latency_ms": 88.75179441926616,
    "latency_ms_std": 29.76938468991452
  },
  "hypergraph:evidence_hypergraph": {
    "recall_at_5": 0.6439153439153439,
    "recall_at_5_std": 0.2783125931893704,
    "recall_at_10": 0.717989417989418,
    "recall_at_10_std": 0.28718603843979845,
    "recall_at_20": 0.7312169312169312,
    "recall_at_20_std": 0.2836729789596894,
    "recall_at_30": 0.7312169312169312,
    "recall_at_30_std": 0.2836729789596894,
    "recall_at_40": 0.7312169312169312,
    "recall_at_40_std": 0.2836729789596894,
    "precision_at_5": 0.29523809523809524,
    "precision_at_5_std": 0.14304135588384065,
    "precision_at_10": 0.1634920634920635,
    "precision_at_10_std": 0.07025664312887316,
    "precision_at_20": 0.08333333333333334,
    "precision_at_20_std": 0.03478041718201262,
    "precision_at_30": 0.05555555555555555,
    "precision_at_30_std": 0.023186944788008413,
    "precision_at_40": 0.04166666666666667,
    "precision_at_40_std": 0.01739020859100631,
    "hit_at_5": 0.9682539682539683,
    "hit_at_5_std": 0.17673143177130224,
    "hit_at_10": 0.9682539682539683,
    "hit_at_10_std": 0.17673143177130224,
    "hit_at_20": 0.9682539682539683,
    "hit_at_20_std": 0.17673143177130224,
    "hit_at_30": 0.9682539682539683,
    "hit_at_30_std": 0.17673143177130224,
    "hit_at_40": 0.9682539682539683,
    "hit_at_40_std": 0.17673143177130224,
    "complete_at_5": 0.3333333333333333,
    "complete_at_5_std": 0.47519096331149147,
    "complete_at_10": 0.4603174603174603,
    "complete_at_10_std": 0.5024262688772971,
    "complete_at_20": 0.47619047619047616,
    "complete_at_20_std": 0.5034443575988877,
    "complete_at_30": 0.47619047619047616,
    "complete_at_30_std": 0.5034443575988877,
    "complete_at_40": 0.47619047619047616,
    "complete_at_40_std": 0.5034443575988877,
    "mrr": 0.8312169312169312,
    "mrr_std": 0.29400357298398305,
    "ndcg_at_10": 0.6684635665341628,
    "ndcg_at_10_std": 0.23279320273845389,
    "bridge_recall_at_20": 0.12698412698412698,
    "bridge_recall_at_20_std": 0.3356295717325918,
    "latency_ms": 28.86319496402783,
    "latency_ms_std": 20.674960986384274
  },
  "graph:entity_relation": {
    "recall_at_5": 0.6095238095238095,
    "recall_at_5_std": 0.27366021441639826,
    "recall_at_10": 0.7330687830687831,
    "recall_at_10_std": 0.2886051621801413,
    "recall_at_20": 0.8492063492063492,
    "recall_at_20_std": 0.2548178872409904,
    "recall_at_30": 0.8650793650793651,
    "recall_at_30_std": 0.2311091048201545,
    "recall_at_40": 0.8783068783068783,
    "recall_at_40_std": 0.22591183059508385,
    "precision_at_5": 0.2857142857142857,
    "precision_at_5_std": 0.15539454764498017,
    "precision_at_10": 0.16984126984126985,
    "precision_at_10_std": 0.07958545951430719,
    "precision_at_20": 0.09920634920634921,
    "precision_at_20_std": 0.040652008135994844,
    "precision_at_30": 0.0671957671957672,
    "precision_at_30_std": 0.025744863072580743,
    "precision_at_40": 0.05119047619047619,
    "precision_at_40_std": 0.019275470909989288,
    "hit_at_5": 0.9523809523809523,
    "hit_at_5_std": 0.2146693953705459,
    "hit_at_10": 0.9682539682539683,
    "hit_at_10_std": 0.17673143177130224,
    "hit_at_20": 0.9682539682539683,
    "hit_at_20_std": 0.17673143177130224,
    "hit_at_30": 0.9841269841269841,
    "hit_at_30_std": 0.12598815766974242,
    "hit_at_40": 0.9841269841269841,
    "hit_at_40_std": 0.12598815766974242,
    "complete_at_5": 0.2698412698412698,
    "complete_at_5_std": 0.4474425249214014,
    "complete_at_10": 0.49206349206349204,
    "complete_at_10_std": 0.5039526306789697,
    "complete_at_20": 0.6984126984126984,
    "complete_at_20_std": 0.46263343794052075,
    "complete_at_30": 0.7142857142857143,
    "complete_at_30_std": 0.4553825555391872,
    "complete_at_40": 0.746031746031746,
    "complete_at_40_std": 0.43877593548026267,
    "mrr": 0.8121693121693122,
    "mrr_std": 0.3133164081050824,
    "ndcg_at_10": 0.6603092596219217,
    "ndcg_at_10_std": 0.23155880439222773,
    "bridge_recall_at_20": 0.047619047619047616,
    "bridge_recall_at_20_std": 0.2146693953705459,
    "latency_ms": 112.53722676164692,
    "latency_ms_std": 41.78580870745751
  },
  "graph:reified_fact": {
    "recall_at_5": 0.6571428571428571,
    "recall_at_5_std": 0.28739520897953963,
    "recall_at_10": 0.7978835978835979,
    "recall_at_10_std": 0.2597643690936956,
    "recall_at_20": 0.9259259259259259,
    "recall_at_20_std": 0.19578391684401186,
    "recall_at_30": 0.9417989417989417,
    "recall_at_30_std": 0.15599929394751696,
    "recall_at_40": 0.9629629629629629,
    "recall_at_40_std": 0.12855846906423624,
    "precision_at_5": 0.3047619047619048,
    "precision_at_5_std": 0.15179418517972906,
    "precision_at_10": 0.18412698412698414,
    "precision_at_10_std": 0.07230390433920765,
    "precision_at_20": 0.10873015873015873,
    "precision_at_20_std": 0.04069921389000924,
    "precision_at_30": 0.07354497354497354,
    "precision_at_30_std": 0.02551177264173663,
    "precision_at_40": 0.05634920634920635,
    "precision_at_40_std": 0.018495996716080192,
    "hit_at_5": 0.9523809523809523,
    "hit_at_5_std": 0.2146693953705459,
    "hit_at_10": 0.9841269841269841,
    "hit_at_10_std": 0.12598815766974242,
    "hit_at_20": 0.9841269841269841,
    "hit_at_20_std": 0.12598815766974242,
    "hit_at_30": 1.0,
    "hit_at_30_std": 0.0,
    "hit_at_40": 1.0,
    "hit_at_40_std": 0.0,
    "complete_at_5": 0.3492063492063492,
    "complete_at_5_std": 0.48054841516113245,
    "complete_at_10": 0.5873015873015873,
    "complete_at_10_std": 0.4962738784348766,
    "complete_at_20": 0.8571428571428571,
    "complete_at_20_std": 0.3527378107513292,
    "complete_at_30": 0.873015873015873,
    "complete_at_30_std": 0.3356295717325918,
    "complete_at_40": 0.9206349206349206,
    "complete_at_40_std": 0.2724789013191783,
    "mrr": 0.8346296296296296,
    "mrr_std": 0.29706320068482917,