{
  "bm25": {
    "recall_at_10": 0.0,
    "recall_at_20": 0.0,
    "mrr": 0.0,
    "ndcg_at_10": 0.0,
    "bridge_recall_at_20": 0.0,
    "latency_ms": 0.1229585031978786
  },
  "dense": {
    "recall_at_10": 0.0,
    "recall_at_20": 0.022727272727272728,
    "mrr": 0.03125,
    "ndcg_at_10": 0.0,
    "bridge_recall_at_20": 0.0,
    "latency_ms": 0.08072900527622551
  },
  "bm25+dense": {
    "recall_at_10": 0.0,
    "recall_at_20": 0.0,
    "mrr": 0.0,
    "ndcg_at_10": 0.0,
    "bridge_recall_at_20": 0.0,
    "latency_ms": 0.21191700943745673
  },
  "qmshe": {
    "recall_at_10": 0.0,
    "recall_at_20": 0.0,
    "mrr": 0.0,
    "ndcg_at_10": 0.0,
    "bridge_recall_at_20": 0.0,
    "latency_ms": 509.685395998531
  }
}