{
  "qmsxe:graph:entity_relation": {
    "seed_count": 3,
    "recall_at_1_mean": 0.4369212962962963,
    "recall_at_1_std": 0.0020046884346861934,
    "recall_at_2_mean": 0.7193287037037037,
    "recall_at_2_std": 0.008018753738744838,
    "recall_at_5_mean": 0.9050925925925926,
    "recall_at_5_std": 0.00361400347129541,
    "recall_at_10_mean": 0.9965277777777778,
    "recall_at_10_std": 0.003007032652029258,
    "hit_at_1_mean": 0.8738425925925926,
    "hit_at_1_std": 0.004009376869372387,
    "complete_at_2_mean": 0.4861111111111111,
    "complete_at_2_std": 0.015135065776182904,
    "complete_at_5_mean": 0.8148148148148148,
    "complete_at_5_std": 0.005303907054347018,
    "mrr_mean": 0.9262263007054674,
    "mrr_std": 0.001432429347232278
  },
  "qmsxe:graph:reified_fact": {
    "seed_count": 3,
    "recall_at_1_mean": 0.4357638888888889,
    "recall_at_1_std": 0.001736111111111105,
    "recall_at_2_mean": 0.7175925925925926,
    "recall_at_2_std": 0.009561754422371721,
    "recall_at_5_mean": 0.9010416666666666,
    "recall_at_5_std": 0.0030070326520293222,
    "recall_at_10_mean": 0.9982638888888888,
    "recall_at_10_std": 0.0030070326520293222,
    "hit_at_1_mean": 0.8715277777777778,
    "hit_at_1_std": 0.00347222222222221,
    "complete_at_2_mean": 0.48379629629629634,
    "complete_at_2_std": 0.016037507477489613,
    "complete_at_5_mean": 0.8090277777777778,
    "complete_at_5_std": 0.00694444444444442,
    "mrr_mean": 0.924430482069371,
    "mrr_std": 0.0026339843505271123
  },
  "qmsxe:hypergraph:evidence_hypergraph": {
    "seed_count": 3,
    "recall_at_1_mean": 0.43171296296296297,
    "recall_at_1_std": 0.006097021847715713,
    "recall_at_2_mean": 0.6984953703703703,
    "recall_at_2_std": 0.0020046884346861934,
    "recall_at_5_mean": 0.8715277777777778,
    "recall_at_5_std": 0.009021097956087902,
    "recall_at_10_mean": 0.9490740740740741,
    "recall_at_10_std": 0.019202152804441028,
    "hit_at_1_mean": 0.8634259259259259,
    "hit_at_1_std": 0.012194043695431426,
    "complete_at_2_mean": 0.45949074074074076,
    "complete_at_2_std": 0.0020046884346862255,
    "complete_at_5_mean": 0.7581018518518519,
    "complete_at_5_std": 0.010607814108694085,
    "mrr_mean": 0.9152805335097002,
    "mrr_std": 0.006384671223322317
  }
}