{
  "vanilla_rag:dense_bge_compatible": {
    "recall_at_5": 0.6611111111111111,
    "recall_at_5_std": 0.2980221540440832,
    "recall_at_10": 0.6849206349206349,
    "recall_at_10_std": 0.3042075651648608,
    "recall_at_20": 0.7060846560846561,
    "recall_at_20_std": 0.30364130630888747,
    "recall_at_30": 0.7060846560846561,
    "recall_at_30_std": 0.30364130630888747,
    "recall_at_40": 0.7060846560846561,
    "recall_at_40_std": 0.30364130630888747,
    "precision_at_5": 0.2984126984126984,
    "precision_at_5_std": 0.13853154234053083,
    "precision_at_10": 0.15555555555555556,
    "precision_at_10_std": 0.0757282445662753,
    "precision_at_20": 0.08015873015873017,
    "precision_at_20_std": 0.03760971320541747,
    "precision_at_30": 0.05343915343915344,
    "precision_at_30_std": 0.02507314213694498,
    "precision_at_40": 0.04007936507936508,
    "precision_at_40_std": 0.018804856602708735,
    "hit_at_5": 0.9523809523809523,
    "hit_at_5_std": 0.2146693953705459,
    "hit_at_10": 0.9523809523809523,
    "hit_at_10_std": 0.2146693953705459,
    "hit_at_20": 0.9523809523809523,
    "hit_at_20_std": 0.2146693953705459,
    "hit_at_30": 0.9523809523809523,
    "hit_at_30_std": 0.2146693953705459,
    "hit_at_40": 0.9523809523809523,
    "hit_at_40_std": 0.2146693953705459,
    "complete_at_5": 0.38095238095238093,
    "complete_at_5_std": 0.48952153824477423,
    "complete_at_10": 0.42857142857142855,
    "complete_at_10_std": 0.49884659592632397,
    "complete_at_20": 0.4603174603174603,
    "complete_at_20_std": 0.5024262688772971,
    "complete_at_30": 0.4603174603174603,
    "complete_at_30_std": 0.5024262688772971,
    "complete_at_40": 0.4603174603174603,
    "complete_at_40_std": 0.5024262688772971,
    "mrr": 0.8597883597883598,
    "mrr_std": 0.2811368835950153,
    "ndcg_at_10": 0.6751881068196673,
    "ndcg_at_10_std": 0.25137105234154256,
    "bridge_recall_at_20": 0.14285714285714285,
    "bridge_recall_at_20_std": 0.3527378107513292,
    "latency_ms": 80.82541045437138,
    "latency_ms_std": 42.76413680648565
  },
  "hypergraph:evidence_hypergraph": {
    "recall_at_5": 0.6465608465608466,
    "recall_at_5_std": 0.29870027187931575,
    "recall_at_10": 0.6928571428571428,
    "recall_at_10_std": 0.3006521329861547,
    "recall_at_20": 0.714021164021164,
    "recall_at_20_std": 0.29950984972533734,
    "recall_at_30": 0.714021164021164,
    "recall_at_30_std": 0.29950984972533734,
    "recall_at_40": 0.714021164021164,
    "recall_at_40_std": 0.29950984972533734,
    "precision_at_5": 0.2920634920634921,
    "precision_at_5_std": 0.13830959580171803,
    "precision_at_10": 0.15714285714285714,
    "precision_at_10_std": 0.07119778384165573,
    "precision_at_20": 0.08095238095238096,
    "precision_at_20_std": 0.035273781075132925,
    "precision_at_30": 0.05396825396825397,
    "precision_at_30_std": 0.023515854050088617,
    "precision_at_40": 0.04047619047619048,
    "precision_at_40_std": 0.017636890537566462,
    "hit_at_5": 0.9365079365079365,
    "hit_at_5_std": 0.2458045298026051,
    "hit_at_10": 0.9365079365079365,
    "hit_at_10_std": 0.2458045298026051,
    "hit_at_20": 0.9365079365079365,
    "hit_at_20_std": 0.2458045298026051,
    "hit_at_30": 0.9365079365079365,
    "hit_at_30_std": 0.2458045298026051,
    "hit_at_40": 0.9365079365079365,
    "hit_at_40_std": 0.2458045298026051,
    "complete_at_5": 0.3492063492063492,
    "complete_at_5_std": 0.48054841516113245,
    "complete_at_10": 0.4126984126984127,
    "complete_at_10_std": 0.4962738784348766,
    "complete_at_20": 0.4444444444444444,
    "complete_at_20_std": 0.5008952558646071,
    "complete_at_30": 0.4444444444444444,
    "complete_at_30_std": 0.5008952558646071,
    "complete_at_40": 0.4444444444444444,
    "complete_at_40_std": 0.5008952558646071,
    "mrr": 0.843915343915344,
    "mrr_std": 0.30064598293453665,
    "ndcg_at_10": 0.66547407450159,
    "ndcg_at_10_std": 0.2520541072525596,
    "bridge_recall_at_20": 0.06349206349206349,
    "bridge_recall_at_20_std": 0.2458045298026051,
    "latency_ms": 73.28240735648525,
    "latency_ms_std": 39.82221253007162
  },
  "graph:entity_relation": {
    "recall_at_5": 0.7013227513227513,
    "recall_at_5_std": 0.2636812317949654,
    "recall_at_10": 0.785978835978836,
    "recall_at_10_std": 0.2455920786159642,
    "recall_at_20": 0.861904761904762,
    "recall_at_20_std": 0.21449341359390597,
    "recall_at_30": 0.8671957671957672,
    "recall_at_30_std": 0.20515245345211358,
    "recall_at_40": 0.8751322751322751,
    "recall_at_40_std": 0.20033289982314517,
    "precision_at_5": 0.32063492063492066,
    "precision_at_5_std": 0.1369703642995979,
    "precision_at_10": 0.18095238095238095,
    "precision_at_10_std": 0.06922879984594994,
    "precision_at_20": 0.1,
    "precision_at_20_std": 0.03592106040535498,
    "precision_at_30": 0.0671957671957672,
    "precision_at_30_std": 0.023564190902840298,
    "precision_at_40": 0.050793650793650794,
    "precision_at_40_std": 0.017371796506869635,
    "hit_at_5": 0.9841269841269841,
    "hit_at_5_std": 0.12598815766974242,
    "hit_at_10": 1.0,
    "hit_at_10_std": 0.0,
    "hit_at_20": 1.0,
    "hit_at_20_std": 0.0,
    "hit_at_30": 1.0,
    "hit_at_30_std": 0.0,
    "hit_at_40": 1.0,
    "hit_at_40_std": 0.0,
    "complete_at_5": 0.3968253968253968,
    "complete_at_5_std": 0.4931689018948893,
    "complete_at_10": 0.5396825396825397,
    "complete_at_10_std": 0.5024262688772971,
    "complete_at_20": 0.6825396825396826,
    "complete_at_20_std": 0.4692271210638118,
    "complete_at_30": 0.6825396825396826,
    "complete_at_30_std": 0.4692271210638118,
    "complete_at_40": 0.6984126984126984,
    "complete_at_40_std": 0.46263343794052075,
    "mrr": 0.8819223985890653,
    "mrr_std": 0.2414424829532695,
    "ndcg_at_10": 0.724153709782303,
    "ndcg_at_10_std": 0.1940612352635579,
    "bridge_recall_at_20": 0.1111111111111111,
    "bridge_recall_at_20_std": 0.3167939755409943,
    "latency_ms": 117.78667545507825,
    "latency_ms_std": 40.18930992296693
  },
  "graph:reified_fact": {
    "recall_at_5": 0.7325396825396825,
    "recall_at_5_std": 0.2755481433685883,
    "recall_at_10": 0.8092592592592592,
    "recall_at_10_std": 0.2636893227657523,
    "recall_at_20": 0.885978835978836,
    "recall_at_20_std": 0.21137471079120146,
    "recall_at_30": 0.9044973544973545,
    "recall_at_30_std": 0.19344560952871231,
    "recall_at_40": 0.9044973544973545,
    "recall_at_40_std": 0.19344560952871231,
    "precision_at_5": 0.33333333333333337,
    "precision_at_5_std": 0.1344043010064494,
    "precision_at_10": 0.18571428571428572,
    "precision_at_10_std": 0.07152067794192032,
    "precision_at_20": 0.10238095238095238,
    "precision_at_20_std": 0.035273781075132925,
    "precision_at_30": 0.06984126984126984,
    "precision_at_30_std": 0.02296505504457163,
    "precision_at_40": 0.05238095238095238,
    "precision_at_40_std": 0.01722379128342872,
    "hit_at_5": 0.9841269841269841,
    "hit_at_5_std": 0.12598815766974242,
    "hit_at_10": 0.9841269841269841,
    "hit_at_10_std": 0.12598815766974242,
    "hit_at_20": 1.0,
    "hit_at_20_std": 0.0,
    "hit_at_30": 1.0,
    "hit_at_30_std": 0.0,
    "hit_at_40": 1.0,
    "hit_at_40_std": 0.0,
    "complete_at_5": 0.47619047619047616,
    "complete_at_5_std": 0.5034443575988877,
    "complete_at_10": 0.6190476190476191,
    "complete_at_10_std": 0.48952153824477423,
    "complete_at_20": 0.7619047619047619,
    "complete_at_20_std": 0.4293387907410918,
    "complete_at_30": 0.7936507936507936,
    "complete_at_30_std": 0.4079346152039785,
    "complete_at_40": 0.7936507936507936,
    "complete_at_40_std": 0.4079346152039785,
    "mrr": 0.8895382395382395,
    "mrr_std": 0.2379425536512258,
    "ndcg_at_10": 0.7473592611530082,
    "ndcg_at_10_std": 0.21089857736249767,
    "bridge_recall_at_20": 0.20634920634920634,
    "bridge_recall_at_20_std": 0.4079346152039785,
    "latency_ms": 34.03508811376043,