{
  "vanilla_rag:dense_bge_compatible": {
    "recall_at_5": 0.6095238095238095,
    "recall_at_5_std": 0.303174871254469,
    "recall_at_10": 0.6849206349206349,
    "recall_at_10_std": 0.3042075651648608,
    "recall_at_20": 0.7060846560846561,
    "recall_at_20_std": 0.30364130630888747,
    "recall_at_30": 0.7060846560846561,
    "recall_at_30_std": 0.30364130630888747,
    "recall_at_40": 0.7060846560846561,
    "recall_at_40_std": 0.30364130630888747,
    "precision_at_5": 0.27936507936507937,
    "precision_at_5_std": 0.15043885282166988,
    "precision_at_10": 0.15555555555555556,
    "precision_at_10_std": 0.0757282445662753,
    "precision_at_20": 0.08015873015873017,
    "precision_at_20_std": 0.03760971320541747,
    "precision_at_30": 0.05343915343915344,
    "precision_at_30_std": 0.02507314213694498,
    "precision_at_40": 0.04007936507936508,
    "precision_at_40_std": 0.018804856602708735,
    "hit_at_5": 0.9206349206349206,
    "hit_at_5_std": 0.2724789013191783,
    "hit_at_10": 0.9523809523809523,
    "hit_at_10_std": 0.2146693953705459,
    "hit_at_20": 0.9523809523809523,
    "hit_at_20_std": 0.2146693953705459,
    "hit_at_30": 0.9523809523809523,
    "hit_at_30_std": 0.2146693953705459,
    "hit_at_40": 0.9523809523809523,
    "hit_at_40_std": 0.2146693953705459,
    "complete_at_5": 0.30158730158730157,
    "complete_at_5_std": 0.46263343794052075,
    "complete_at_10": 0.42857142857142855,
    "complete_at_10_std": 0.49884659592632397,
    "complete_at_20": 0.4603174603174603,
    "complete_at_20_std": 0.5024262688772971,
    "complete_at_30": 0.4603174603174603,
    "complete_at_30_std": 0.5024262688772971,
    "complete_at_40": 0.4603174603174603,
    "complete_at_40_std": 0.5024262688772971,
    "mrr": 0.8068783068783069,
    "mrr_std": 0.32372765724144875,
    "ndcg_at_10": 0.6443285614078967,
    "ndcg_at_10_std": 0.26070751231406536,
    "bridge_recall_at_20": 0.14285714285714285,
    "bridge_recall_at_20_std": 0.3527378107513292,
    "latency_ms": 76.04184656196998,
    "latency_ms_std": 33.80841397735436
  },
  "hypergraph:evidence_hypergraph": {
    "recall_at_5": 0.6055555555555555,
    "recall_at_5_std": 0.30368111930480995,
    "recall_at_10": 0.6716931216931217,
    "recall_at_10_std": 0.3061881920751725,
    "recall_at_20": 0.714021164021164,
    "recall_at_20_std": 0.29950984972533734,
    "recall_at_30": 0.714021164021164,
    "recall_at_30_std": 0.29950984972533734,
    "recall_at_40": 0.714021164021164,
    "recall_at_40_std": 0.29950984972533734,
    "precision_at_5": 0.2761904761904762,
    "precision_at_5_std": 0.14996159262515457,
    "precision_at_10": 0.1523809523809524,
    "precision_at_10_std": 0.07374135894078153,
    "precision_at_20": 0.08095238095238096,
    "precision_at_20_std": 0.035273781075132925,
    "precision_at_30": 0.05396825396825397,
    "precision_at_30_std": 0.023515854050088617,
    "precision_at_40": 0.04047619047619048,
    "precision_at_40_std": 0.017636890537566462,
    "hit_at_5": 0.9047619047619048,
    "hit_at_5_std": 0.29590134113693356,
    "hit_at_10": 0.9206349206349206,
    "hit_at_10_std": 0.2724789013191783,
    "hit_at_20": 0.9365079365079365,
    "hit_at_20_std": 0.2458045298026051,
    "hit_at_30": 0.9365079365079365,
    "hit_at_30_std": 0.2458045298026051,
    "hit_at_40": 0.9365079365079365,
    "hit_at_40_std": 0.2458045298026051,
    "complete_at_5": 0.2857142857142857,
    "complete_at_5_std": 0.4553825555391872,
    "complete_at_10": 0.38095238095238093,
    "complete_at_10_std": 0.48952153824477423,
    "complete_at_20": 0.4444444444444444,
    "complete_at_20_std": 0.5008952558646071,
    "complete_at_30": 0.4444444444444444,
    "complete_at_30_std": 0.5008952558646071,
    "complete_at_40": 0.4444444444444444,
    "complete_at_40_std": 0.5008952558646071,
    "mrr": 0.7961829176114891,
    "mrr_std": 0.3425363161432542,
    "ndcg_at_10": 0.6342982785419636,
    "ndcg_at_10_std": 0.2702637986088354,
    "bridge_recall_at_20": 0.06349206349206349,
    "bridge_recall_at_20_std": 0.2458045298026051,
    "latency_ms": 61.13578577614611,
    "latency_ms_std": 40.608994955474664
  },
  "graph:entity_relation": {
    "recall_at_5": 0.6227513227513227,
    "recall_at_5_std": 0.2687302812187734,
    "recall_at_10": 0.744973544973545,
    "recall_at_10_std": 0.26246069718800424,
    "recall_at_20": 0.8539682539682539,
    "recall_at_20_std": 0.21015257910103358,
    "recall_at_30": 0.861904761904762,
    "recall_at_30_std": 0.20596891776305815,
    "recall_at_40": 0.8751322751322751,
    "recall_at_40_std": 0.20033289982314517,
    "precision_at_5": 0.2888888888888889,
    "precision_at_5_std": 0.14713512673632106,
    "precision_at_10": 0.17142857142857143,
    "precision_at_10_std": 0.07279793383405131,
    "precision_at_20": 0.09920634920634921,
    "precision_at_20_std": 0.03534628635426045,
    "precision_at_30": 0.06666666666666667,
    "precision_at_30_std": 0.023186944788008413,
    "precision_at_40": 0.050793650793650794,
    "precision_at_40_std": 0.017371796506869635,
    "hit_at_5": 0.9523809523809523,
    "hit_at_5_std": 0.2146693953705459,
    "hit_at_10": 0.9841269841269841,
    "hit_at_10_std": 0.12598815766974242,
    "hit_at_20": 1.0,
    "hit_at_20_std": 0.0,
    "hit_at_30": 1.0,
    "hit_at_30_std": 0.0,
    "hit_at_40": 1.0,
    "hit_at_40_std": 0.0,
    "complete_at_5": 0.2698412698412698,
    "complete_at_5_std": 0.4474425249214014,
    "complete_at_10": 0.47619047619047616,
    "complete_at_10_std": 0.5034443575988877,
    "complete_at_20": 0.6507936507936508,
    "complete_at_20_std": 0.48054841516113245,
    "complete_at_30": 0.6666666666666666,
    "complete_at_30_std": 0.47519096331149147,
    "complete_at_40": 0.6984126984126984,
    "complete_at_40_std": 0.46263343794052075,
    "mrr": 0.8198717948717948,
    "mrr_std": 0.3088735038865451,
    "ndcg_at_10": 0.669545827374814,
    "ndcg_at_10_std": 0.23234604597733538,
    "bridge_recall_at_20": 0.1111111111111111,
    "bridge_recall_at_20_std": 0.3167939755409943,
    "latency_ms": 98.82083333407839,
    "latency_ms_std": 38.75777773024018
  },
  "graph:reified_fact": {
    "recall_at_5": 0.6492063492063492,
    "recall_at_5_std": 0.28466525287712324,
    "recall_at_10": 0.7894179894179895,
    "recall_at_10_std": 0.2538997203357526,
    "recall_at_20": 0.8753968253968254,
    "recall_at_20_std": 0.21166385449950423,
    "recall_at_30": 0.8912698412698413,
    "recall_at_30_std": 0.20124739012660536,
    "recall_at_40": 0.9044973544973545,
    "recall_at_40_std": 0.19344560952871231,
    "precision_at_5": 0.30158730158730157,
    "precision_at_5_std": 0.1518616342766723,
    "precision_at_10": 0.18095238095238095,
    "precision_at_10_std": 0.06922879984594994,
    "precision_at_20": 0.10158730158730159,
    "precision_at_20_std": 0.035885406738598837,
    "precision_at_30": 0.06878306878306878,
    "precision_at_30_std": 0.023088590390088475,
    "precision_at_40": 0.05238095238095238,
    "precision_at_40_std": 0.01722379128342872,
    "hit_at_5": 0.9523809523809523,
    "hit_at_5_std": 0.2146693953705459,
    "hit_at_10": 1.0,
    "hit_at_10_std": 0.0,
    "hit_at_20": 1.0,
    "hit_at_20_std": 0.0,
    "hit_at_30": 1.0,
    "hit_at_30_std": 0.0,
    "hit_at_40": 1.0,
    "hit_at_40_std": 0.0,
    "complete_at_5": 0.3333333333333333,
    "complete_at_5_std": 0.47519096331149147,
    "complete_at_10": 0.5714285714285714,
    "complete_at_10_std": 0.49884659592632397,
    "complete_at_20": 0.7301587301587301,
    "complete_at_20_std": 0.4474425249214014,
    "complete_at_30": 0.7619047619047619,
    "complete_at_30_std": 0.4293387907410918,
    "complete_at_40": 0.7936507936507936,
    "complete_at_40_std": 0.4079346152039785,
    "mrr": 0.8347883597883597,
    "mrr_std": 0.2962260368033864,
    "ndcg_at_10": 0.7013775446784074,
    "ndcg_at_10_std": 0.2270304268346235,
    "bridge_recall_at_20": 0.20634920634920634,
    "bridge_recall_at_20_std": 0.4079346152039785,