{
  "bm25": {
    "recall_at_10": 0.4666666666666667,
    "recall_at_20": 0.6333333333333333,
    "mrr": 0.32,
    "ndcg_at_10": 0.33118744361518904,
    "bridge_recall_at_20": 0.0,
    "latency_ms": 0.19438340095803142
  },
  "dense": {
    "recall_at_10": 0.1,
    "recall_at_20": 0.1,
    "mrr": 0.04,
    "ndcg_at_10": 0.047439542553859244,
    "bridge_recall_at_20": 0.0,
    "latency_ms": 0.10137480567209423
  },
  "bm25+dense": {
    "recall_at_10": 0.4666666666666667,
    "recall_at_20": 0.6333333333333333,
    "mrr": 0.22333333333333333,
    "ndcg_at_10": 0.27237053878507206,
    "bridge_recall_at_20": 0.0,
    "latency_ms": 0.31075800070539117
  },
  "node2vec": {
    "recall_at_10": 0.4,
    "recall_at_20": 0.4666666666666667,
    "mrr": 0.1553846153846154,
    "ndcg_at_10": 0.22980631064094623,
    "bridge_recall_at_20": 0.0,
    "latency_ms": 24.45123379584402
  },
  "laplacian_eigenmaps": {
    "recall_at_10": 0.3,
    "recall_at_20": 0.4066666666666667,
    "mrr": 0.33,
    "ndcg_at_10": 0.2613147192765458,
    "bridge_recall_at_20": 0.0,
    "latency_ms": 4.788858199026436
  },
  "semantic+lap_pe": {
    "recall_at_10": 0.3,
    "recall_at_20": 0.5333333333333333,
    "mrr": 0.23333333333333334,
    "ndcg_at_10": 0.19149890523797233,
    "bridge_recall_at_20": 0.0,
    "latency_ms": 4.2531829967629164
  },
  "semantic+ppr": {
    "recall_at_10": 0.3,
    "recall_at_20": 0.5333333333333333,
    "mrr": 0.4181818181818182,
    "ndcg_at_10": 0.3226294385530917,
    "bridge_recall_at_20": 0.0,
    "latency_ms": 1.6665832023136318
  },
  "gcn": {
    "recall_at_10": 0.30666666666666664,
    "recall_at_20": 0.48666666666666664,
    "mrr": 0.465,
    "ndcg_at_10": 0.30296586208710663,
    "bridge_recall_at_20": 0.0,
    "latency_ms": 0.5691415979526937
  },
  "graphsage": {
    "recall_at_10": 0.2,
    "recall_at_20": 0.5266666666666666,
    "mrr": 0.2776190476190476,
    "ndcg_at_10": 0.17544306306760984,
    "bridge_recall_at_20": 0.0,
    "latency_ms": 0.6344829977024347
  },
  "hypergraph_conv": {
    "recall_at_10": 0.44,
    "recall_at_20": 0.56,
    "mrr": 0.27,
    "ndcg_at_10": 0.3038051820642863,
    "bridge_recall_at_20": 0.0,
    "latency_ms": 0.09551679249852896
  },
  "qmshe": {
    "recall_at_10": 0.44,
    "recall_at_20": 0.44,
    "mrr": 0.525,
    "ndcg_at_10": 0.37199295746108013,
    "bridge_recall_at_20": 0.0,
    "latency_ms": 258.4057254018262
  }
}