{
  "vanilla_rag:dense_bge_compatible": {
    "recall_at_5": 0.6611111111111111,
    "recall_at_5_std": 0.2980221540440832,
    "recall_at_10": 0.6849206349206349,
    "recall_at_10_std": 0.3042075651648608,
    "recall_at_20": 0.7060846560846561,
    "recall_at_20_std": 0.30364130630888747,
    "recall_at_30": 0.7060846560846561,
    "recall_at_30_std": 0.30364130630888747,
    "recall_at_40": 0.7060846560846561,
    "recall_at_40_std": 0.30364130630888747,
    "precision_at_5": 0.2984126984126984,
    "precision_at_5_std": 0.13853154234053083,
    "precision_at_10": 0.15555555555555556,
    "precision_at_10_std": 0.0757282445662753,
    "precision_at_20": 0.08015873015873017,
    "precision_at_20_std": 0.03760971320541747,
    "precision_at_30": 0.05343915343915344,
    "precision_at_30_std": 0.02507314213694498,
    "precision_at_40": 0.04007936507936508,
    "precision_at_40_std": 0.018804856602708735,
    "hit_at_5": 0.9523809523809523,
    "hit_at_5_std": 0.2146693953705459,
    "hit_at_10": 0.9523809523809523,
    "hit_at_10_std": 0.2146693953705459,
    "hit_at_20": 0.9523809523809523,
    "hit_at_20_std": 0.2146693953705459,
    "hit_at_30": 0.9523809523809523,
    "hit_at_30_std": 0.2146693953705459,
    "hit_at_40": 0.9523809523809523,
    "hit_at_40_std": 0.2146693953705459,
    "complete_at_5": 0.38095238095238093,
    "complete_at_5_std": 0.48952153824477423,
    "complete_at_10": 0.42857142857142855,
    "complete_at_10_std": 0.49884659592632397,
    "complete_at_20": 0.4603174603174603,
    "complete_at_20_std": 0.5024262688772971,
    "complete_at_30": 0.4603174603174603,
    "complete_at_30_std": 0.5024262688772971,
    "complete_at_40": 0.4603174603174603,
    "complete_at_40_std": 0.5024262688772971,
    "mrr": 0.8756613756613757,
    "mrr_std": 0.27429978297347535,
    "ndcg_at_10": 0.683320184327479,
    "ndcg_at_10_std": 0.2516755528994159,
    "bridge_recall_at_20": 0.14285714285714285,
    "bridge_recall_at_20_std": 0.3527378107513292,
    "latency_ms": 80.61542542695645,
    "latency_ms_std": 44.44931140067038
  },
  "hypergraph:evidence_hypergraph": {
    "recall_at_5": 0.6399470899470899,
    "recall_at_5_std": 0.28921069948498124,
    "recall_at_10": 0.665079365079365,
    "recall_at_10_std": 0.29142023822709345,
    "recall_at_20": 0.6730158730158731,
    "recall_at_20_std": 0.29365190074658803,
    "recall_at_30": 0.6730158730158731,
    "recall_at_30_std": 0.29365190074658803,
    "recall_at_40": 0.6730158730158731,
    "recall_at_40_std": 0.29365190074658803,
    "precision_at_5": 0.2920634920634921,
    "precision_at_5_std": 0.138309595801718,
    "precision_at_10": 0.1523809523809524,
    "precision_at_10_std": 0.07152067794192032,
    "precision_at_20": 0.07698412698412699,
    "precision_at_20_std": 0.035724524901914176,
    "precision_at_30": 0.051322751322751325,
    "precision_at_30_std": 0.02381634993460945,
    "precision_at_40": 0.038492063492063494,
    "precision_at_40_std": 0.017862262450957088,
    "hit_at_5": 0.9523809523809523,
    "hit_at_5_std": 0.2146693953705459,
    "hit_at_10": 0.9523809523809523,
    "hit_at_10_std": 0.2146693953705459,
    "hit_at_20": 0.9523809523809523,
    "hit_at_20_std": 0.2146693953705459,
    "hit_at_30": 0.9523809523809523,
    "hit_at_30_std": 0.2146693953705459,
    "hit_at_40": 0.9523809523809523,
    "hit_at_40_std": 0.2146693953705459,
    "complete_at_5": 0.3333333333333333,
    "complete_at_5_std": 0.47519096331149147,
    "complete_at_10": 0.36507936507936506,
    "complete_at_10_std": 0.4853195588936754,
    "complete_at_20": 0.38095238095238093,
    "complete_at_20_std": 0.48952153824477423,
    "complete_at_30": 0.38095238095238093,
    "complete_at_30_std": 0.48952153824477423,
    "complete_at_40": 0.38095238095238093,
    "complete_at_40_std": 0.48952153824477423,
    "mrr": 0.8656084656084656,
    "mrr_std": 0.2824602775364333,
    "ndcg_at_10": 0.6658548934162345,
    "ndcg_at_10_std": 0.2509438856783268,
    "bridge_recall_at_20": 0.1111111111111111,
    "bridge_recall_at_20_std": 0.3167939755409943,
    "latency_ms": 48.099086165339465,
    "latency_ms_std": 55.10827383849233
  },
  "graph:entity_relation": {
    "recall_at_5": 0.7039682539682539,
    "recall_at_5_std": 0.28378702268559014,
    "recall_at_10": 0.7931216931216931,
    "recall_at_10_std": 0.27506328565768345,
    "recall_at_20": 0.873015873015873,
    "recall_at_20_std": 0.249487441798082,
    "recall_at_30": 0.8809523809523809,
    "recall_at_30_std": 0.245348430878541,
    "recall_at_40": 0.8888888888888888,
    "recall_at_40_std": 0.22350659304060022,
    "precision_at_5": 0.3238095238095238,
    "precision_at_5_std": 0.14559586766810262,
    "precision_at_10": 0.18412698412698414,
    "precision_at_10_std": 0.07871211163586683,
    "precision_at_20": 0.10238095238095238,
    "precision_at_20_std": 0.04157054966052699,
    "precision_at_30": 0.06878306878306878,
    "precision_at_30_std": 0.027352088944761533,
    "precision_at_40": 0.05198412698412699,
    "precision_at_40_std": 0.019726756075795573,
    "hit_at_5": 0.9682539682539683,
    "hit_at_5_std": 0.17673143177130224,
    "hit_at_10": 0.9682539682539683,
    "hit_at_10_std": 0.17673143177130224,
    "hit_at_20": 0.9682539682539683,
    "hit_at_20_std": 0.17673143177130224,
    "hit_at_30": 0.9682539682539683,
    "hit_at_30_std": 0.17673143177130224,
    "hit_at_40": 0.9841269841269841,
    "hit_at_40_std": 0.12598815766974242,
    "complete_at_5": 0.42857142857142855,
    "complete_at_5_std": 0.49884659592632397,
    "complete_at_10": 0.5873015873015873,
    "complete_at_10_std": 0.4962738784348766,
    "complete_at_20": 0.7619047619047619,
    "complete_at_20_std": 0.4293387907410918,
    "complete_at_30": 0.7777777777777778,
    "complete_at_30_std": 0.41907903806247476,
    "complete_at_40": 0.7777777777777778,
    "complete_at_40_std": 0.41907903806247476,
    "mrr": 0.859448223733938,
    "mrr_std": 0.27796814171566436,
    "ndcg_at_10": 0.7224227478954485,
    "ndcg_at_10_std": 0.23406404599634673,
    "bridge_recall_at_20": 0.06349206349206349,
    "bridge_recall_at_20_std": 0.2458045298026051,
    "latency_ms": 166.9527747601803,
    "latency_ms_std": 70.09907638021467
  },
  "graph:reified_fact": {
    "recall_at_5": 0.7436507936507937,
    "recall_at_5_std": 0.2730983216579163,
    "recall_at_10": 0.8447089947089947,
    "recall_at_10_std": 0.24364366344844438,
    "recall_at_20": 0.9232804232804233,
    "recall_at_20_std": 0.20263806043115845,
    "recall_at_30": 0.955026455026455,
    "recall_at_30_std": 0.1672204488102843,
    "recall_at_40": 0.9629629629629629,
    "recall_at_40_std": 0.12855846906423624,
    "precision_at_5": 0.3396825396825397,
    "precision_at_5_std": 0.13741822499649714,
    "precision_at_10": 0.19523809523809524,
    "precision_at_10_std": 0.07279793383405131,
    "precision_at_20": 0.10793650793650794,
    "precision_at_20_std": 0.040367614381266244,
    "precision_at_30": 0.0746031746031746,
    "precision_at_30_std": 0.025899091274163365,
    "precision_at_40": 0.05634920634920635,
    "precision_at_40_std": 0.018495996716080192,
    "hit_at_5": 0.9841269841269841,
    "hit_at_5_std": 0.12598815766974242,
    "hit_at_10": 0.9841269841269841,
    "hit_at_10_std": 0.12598815766974242,
    "hit_at_20": 0.9841269841269841,
    "hit_at_20_std": 0.12598815766974242,
    "hit_at_30": 0.9841269841269841,
    "hit_at_30_std": 0.12598815766974242,
    "hit_at_40": 1.0,
    "hit_at_40_std": 0.0,
    "complete_at_5": 0.49206349206349204,
    "complete_at_5_std": 0.5039526306789697,
    "complete_at_10": 0.6666666666666666,
    "complete_at_10_std": 0.47519096331149147,
    "complete_at_20": 0.8571428571428571,
    "complete_at_20_std": 0.3527378107513292,
    "complete_at_30": 0.9206349206349206,
    "complete_at_30_std": 0.2724789013191783,
    "complete_at_40": 0.9206349206349206,
    "complete_at_40_std": 0.2724789013191783,
    "mrr": 0.8858787358787359,
    "mrr_std": 0.24669198786394067,