{
  "hop_count": {
    "2": {
      "bm25": {
        "recall_at_10": 0.37833333333333335,
        "recall_at_20": 0.55,
        "mrr": 0.3749611858729506,
        "ndcg_at_10": 0.2859422188776583,
        "bridge_recall_at_20": 0.0,
        "latency_ms": 0.4144057724624872
      },
      "dense": {
        "recall_at_10": 0.23666666666666666,
        "recall_at_20": 0.25333333333333335,
        "mrr": 0.24226068376068377,
        "ndcg_at_10": 0.1826233529004687,
        "bridge_recall_at_20": 0.2,
        "latency_ms": 0.22398554719984531
      },
      "bm25+dense": {
        "recall_at_10": 0.39,
        "recall_at_20": 0.5566666666666666,
        "mrr": 0.373959817959818,
        "ndcg_at_10": 0.2902460912780611,
        "bridge_recall_at_20": 0.2,
        "latency_ms": 0.7005226192995906
      },
      "node2vec": {
        "recall_at_10": 0.43166666666666664,
        "recall_at_20": 0.6766666666666666,
        "mrr": 0.33162104355912403,
        "ndcg_at_10": 0.291052415841572,
        "bridge_recall_at_20": 0.24,
        "latency_ms": 71.0477777896449
      },
      "laplacian_eigenmaps": {
        "recall_at_10": 0.48,
        "recall_at_20": 0.654,
        "mrr": 0.3839328449328449,
        "ndcg_at_10": 0.3467667320806313,
        "bridge_recall_at_20": 0.18,
        "latency_ms": 6.373993013985455
      },
      "semantic+lap_pe": {
        "recall_at_10": 0.32666666666666666,
        "recall_at_20": 0.615,
        "mrr": 0.36352281052281055,
        "ndcg_at_10": 0.258733294954912,
        "bridge_recall_at_20": 0.18,
        "latency_ms": 6.362294498831034
      },
      "semantic+ppr": {
        "recall_at_10": 0.49833333333333335,
        "recall_at_20": 0.675,
        "mrr": 0.4358655674390968,
        "ndcg_at_10": 0.3801331055740592,
        "bridge_recall_at_20": 0.34,
        "latency_ms": 5.068735941313207
      },
      "gcn": {
        "recall_at_10": 0.289,
        "recall_at_20": 0.512,
        "mrr": 0.27741997708174176,
        "ndcg_at_10": 0.2101120164373241,
        "bridge_recall_at_20": 0.26,
        "latency_ms": 1.6927570989355445
      },
      "graphsage": {
        "recall_at_10": 0.34,
        "recall_at_20": 0.5276666666666666,
        "mrr": 0.2486195173075978,
        "ndcg_at_10": 0.21395561247090356,
        "bridge_recall_at_20": 0.22,
        "latency_ms": 1.4888104004785419
      },
      "hypergraph_conv": {
        "recall_at_10": 0.4106666666666667,
        "recall_at_20": 0.6083333333333333,
        "mrr": 0.3561991035280509,
        "ndcg_at_10": 0.30239620509807363,
        "bridge_recall_at_20": 0.14,
        "latency_ms": 0.3157892171293497
      },
      "qmshe": {
        "recall_at_10": 0.3273333333333333,
        "recall_at_20": 0.43066666666666664,
        "mrr": 0.2817323374939474,
        "ndcg_at_10": 0.22160206997361262,
        "bridge_recall_at_20": 0.14,
        "latency_ms": 6.65292882360518
      }
    }
  },
  "query_type": {
    "comparison": {
      "bm25": {
        "recall_at_10": 0.5357142857142857,
        "recall_at_20": 0.75,
        "mrr": 0.45393498308414276,
        "ndcg_at_10": 0.40352311302645616,
        "bridge_recall_at_20": 0.0,
        "latency_ms": 0.32499587229852167
      },
      "dense": {
        "recall_at_10": 0.3630952380952381,
        "recall_at_20": 0.3630952380952381,
        "mrr": 0.2632936507936508,
        "ndcg_at_10": 0.23613963333293164,
        "bridge_recall_at_20": 0.0,
        "latency_ms": 0.2181177426661764
      },
      "bm25+dense": {
        "recall_at_10": 0.5654761904761905,
        "recall_at_20": 0.75,
        "mrr": 0.372406462585034,
        "ndcg_at_10": 0.36243067584479277,
        "bridge_recall_at_20": 0.0,
        "latency_ms": 0.5979674835024136
      },
      "node2vec": {
        "recall_at_10": 0.5595238095238095,
        "recall_at_20": 0.7440476190476191,
        "mrr": 0.33568158032443746,
        "ndcg_at_10": 0.3427311738609673,
        "bridge_recall_at_20": 0.0,
        "latency_ms": 71.30503765906074
      },
      "laplacian_eigenmaps": {
        "recall_at_10": 0.6666666666666666,
        "recall_at_20": 0.8214285714285714,
        "mrr": 0.582312925170068,
        "ndcg_at_10": 0.5156146664173115,
        "bridge_recall_at_20": 0.0,
        "latency_ms": 5.910380627028644
      },
      "semantic+lap_pe": {
        "recall_at_10": 0.47023809523809523,
        "recall_at_20": 0.7142857142857143,
        "mrr": 0.3450636664922379,
        "ndcg_at_10": 0.3066803490218135,
        "bridge_recall_at_20": 0.0,
        "latency_ms": 5.7914804035265535
      },
      "semantic+ppr": {
        "recall_at_10": 0.7023809523809523,
        "recall_at_20": 0.7380952380952381,
        "mrr": 0.6488095238095238,
        "ndcg_at_10": 0.5610673946456047,
        "bridge_recall_at_20": 0.0,
        "latency_ms": 5.087782662095768
      },
      "gcn": {
        "recall_at_10": 0.4523809523809524,
        "recall_at_20": 0.5833333333333334,
        "mrr": 0.5017316017316017,
        "ndcg_at_10": 0.36850346441146636,
        "bridge_recall_at_20": 0.0,
        "latency_ms": 1.6242338876639093
      },
      "graphsage": {
        "recall_at_10": 0.4880952380952381,
        "recall_at_20": 0.5595238095238095,
        "mrr": 0.3901643990929705,
        "ndcg_at_10": 0.32539849169712076,
        "bridge_recall_at_20": 0.0,
        "latency_ms": 1.3437526899256877
      },
      "hypergraph_conv": {
        "recall_at_10": 0.5773809523809523,
        "recall_at_20": 0.7380952380952381,
        "mrr": 0.5223214285714286,
        "ndcg_at_10": 0.44206164610869814,
        "bridge_recall_at_20": 0.0,
        "latency_ms": 0.2992402296513319
      },
      "qmshe": {
        "recall_at_10": 0.3630952380952381,
        "recall_at_20": 0.47023809523809523,
        "mrr": 0.25035803795202294,
        "ndcg_at_10": 0.21138517660957185,
        "bridge_recall_at_20": 0.0,
        "latency_ms": 6.381907866203359
      }
    },
    "bridge": {
      "bm25": {
        "recall_at_10": 0.31712962962962965,
        "recall_at_20": 0.4722222222222222,
        "mrr": 0.34424915362415365,
        "ndcg_at_10": 0.24021631559757023,
        "bridge_recall_at_20": 0.0,
        "latency_ms": 0.4491762891929183
      },
      "dense": {
        "recall_at_10": 0.1875,
        "recall_at_20": 0.21064814814814814,
        "mrr": 0.23408119658119658,
        "ndcg_at_10": 0.161811466065622,
        "bridge_recall_at_20": 0.2777777777777778,
        "latency_ms": 0.226267471185161
      },
      "bm25+dense": {
        "recall_at_10": 0.32175925925925924,
        "recall_at_20": 0.48148148148148145,
        "mrr": 0.37456390060556727,
        "ndcg_at_10": 0.2621743083909988,
        "bridge_recall_at_20": 0.2777777777777778,
        "latency_ms": 0.7404051721096039
      },
      "node2vec": {
        "recall_at_10": 0.3819444444444444,
        "recall_at_20": 0.6504629629629629,
        "mrr": 0.3300419459281688,
        "ndcg_at_10": 0.2709551210562516,
        "bridge_recall_at_20": 0.3333333333333333,
        "latency_ms": 70.94773228487207
      },
      "laplacian_eigenmaps": {
        "recall_at_10": 0.4074074074074074,
        "recall_at_20": 0.5888888888888889,
        "mrr": 0.30678503595170264,
        "ndcg_at_10": 0.2811036465052557,
        "bridge_recall_at_20": 0.25,
        "latency_ms": 6.554286720024215
      },
      "semantic+lap_pe": {
        "recall_at_10": 0.2708333333333333,
        "recall_at_20": 0.5763888888888888,
        "mrr": 0.37070136653469987,
        "ndcg_at_10": 0.24008721837333916,
        "bridge_recall_at_20": 0.25,
        "latency_ms": 6.58427775811611
      },
      "semantic+ppr": {
        "recall_at_10": 0.41898148148148145,
        "recall_at_20": 0.6504629629629629,
        "mrr": 0.3530540288505975,
        "ndcg_at_10": 0.30976977093512487,
        "bridge_recall_at_20": 0.4722222222222222,
        "latency_ms": 5.0613288832311
      },
      "gcn": {
        "recall_at_10": 0.22546296296296295,