{
  "bm25": {
    "recall_at_10": 0.37833333333333335,
    "recall_at_20": 0.55,
    "mrr": 0.3749611858729506,
    "ndcg_at_10": 0.2859422188776583,
    "bridge_recall_at_20": 0.0,
    "latency_ms": 0.4144057724624872
  },
  "dense": {
    "recall_at_10": 0.23666666666666666,
    "recall_at_20": 0.25333333333333335,
    "mrr": 0.24226068376068377,
    "ndcg_at_10": 0.1826233529004687,
    "bridge_recall_at_20": 0.2,
    "latency_ms": 0.22398554719984531
  },
  "bm25+dense": {
    "recall_at_10": 0.39,
    "recall_at_20": 0.5566666666666666,
    "mrr": 0.373959817959818,
    "ndcg_at_10": 0.2902460912780611,
    "bridge_recall_at_20": 0.2,
    "latency_ms": 0.7005226192995906
  },
  "node2vec": {
    "recall_at_10": 0.43166666666666664,
    "recall_at_20": 0.6766666666666666,
    "mrr": 0.33162104355912403,
    "ndcg_at_10": 0.291052415841572,
    "bridge_recall_at_20": 0.24,
    "latency_ms": 71.0477777896449
  },
  "laplacian_eigenmaps": {
    "recall_at_10": 0.48,
    "recall_at_20": 0.654,
    "mrr": 0.3839328449328449,
    "ndcg_at_10": 0.3467667320806313,
    "bridge_recall_at_20": 0.18,
    "latency_ms": 6.373993013985455
  },
  "semantic+lap_pe": {
    "recall_at_10": 0.32666666666666666,
    "recall_at_20": 0.615,
    "mrr": 0.36352281052281055,
    "ndcg_at_10": 0.258733294954912,
    "bridge_recall_at_20": 0.18,
    "latency_ms": 6.362294498831034
  },
  "semantic+ppr": {
    "recall_at_10": 0.49833333333333335,
    "recall_at_20": 0.675,
    "mrr": 0.4358655674390968,
    "ndcg_at_10": 0.3801331055740592,
    "bridge_recall_at_20": 0.34,
    "latency_ms": 5.068735941313207
  },
  "gcn": {
    "recall_at_10": 0.289,
    "recall_at_20": 0.512,
    "mrr": 0.27741997708174176,
    "ndcg_at_10": 0.2101120164373241,
    "bridge_recall_at_20": 0.26,
    "latency_ms": 1.6927570989355445
  },
  "graphsage": {
    "recall_at_10": 0.34,
    "recall_at_20": 0.5276666666666666,
    "mrr": 0.2486195173075978,
    "ndcg_at_10": 0.21395561247090356,
    "bridge_recall_at_20": 0.22,
    "latency_ms": 1.4888104004785419
  },
  "hypergraph_conv": {
    "recall_at_10": 0.4106666666666667,
    "recall_at_20": 0.6083333333333333,
    "mrr": 0.3561991035280509,
    "ndcg_at_10": 0.30239620509807363,
    "bridge_recall_at_20": 0.14,
    "latency_ms": 0.3157892171293497
  },
  "qmshe": {
    "recall_at_10": 0.3273333333333333,
    "recall_at_20": 0.43066666666666664,
    "mrr": 0.2817323374939474,
    "ndcg_at_10": 0.22160206997361262,
    "bridge_recall_at_20": 0.14,
    "latency_ms": 6.65292882360518
  }
}