{
  "vanilla_rag:dense_bge_compatible": {
    "recall_at_10": 0.6849206349206349,
    "recall_at_10_std": 0.3042075651648608,
    "recall_at_20": 0.7060846560846561,
    "recall_at_20_std": 0.30364130630888747,
    "mrr": 0.8068783068783069,
    "mrr_std": 0.32372765724144875,
    "ndcg_at_10": 0.6443285614078967,
    "ndcg_at_10_std": 0.26070751231406536,
    "bridge_recall_at_20": 0.14285714285714285,
    "bridge_recall_at_20_std": 0.3527378107513292,
    "latency_ms": 88.57273642298958,
    "latency_ms_std": 40.66447957582059
  },
  "hypergraph:evidence_hypergraph": {
    "recall_at_10": 0.6603174603174603,
    "recall_at_10_std": 0.31005301563416576,
    "recall_at_20": 0.6682539682539682,
    "recall_at_20_std": 0.31227449620982967,
    "mrr": 0.8246031746031746,
    "mrr_std": 0.31997223701889765,
    "ndcg_at_10": 0.6351727571115262,
    "ndcg_at_10_std": 0.2538348736781265,
    "bridge_recall_at_20": 0.06349206349206349,
    "bridge_recall_at_20_std": 0.2458045298026051,
    "latency_ms": 45.752835955234275,
    "latency_ms_std": 25.40369631970081
  },
  "graph:entity_relation": {
    "recall_at_10": 0.7753968253968254,
    "recall_at_10_std": 0.2748387787898151,
    "recall_at_20": 0.8719576719576719,
    "recall_at_20_std": 0.24917112408041264,
    "mrr": 0.8181216931216931,
    "mrr_std": 0.31593555840807336,
    "ndcg_at_10": 0.6873621781880402,
    "ndcg_at_10_std": 0.24493683465935126,
    "bridge_recall_at_20": 0.07936507936507936,
    "bridge_recall_at_20_std": 0.2724789013191783,
    "latency_ms": 104.53072335896275,
    "latency_ms_std": 36.74107759299141
  },
  "graph:reified_fact": {
    "recall_at_10": 0.8052910052910053,
    "recall_at_10_std": 0.24362527406880863,
    "recall_at_20": 0.9142857142857143,
    "recall_at_20_std": 0.18096854968591208,
    "mrr": 0.8366402116402116,
    "mrr_std": 0.2919834672836453,
    "ndcg_at_10": 0.7069251171827631,
    "ndcg_at_10_std": 0.2118808040019326,
    "bridge_recall_at_20": 0.0,
    "bridge_recall_at_20_std": 0.0,
    "latency_ms": 41.51274037680456,
    "latency_ms_std": 18.90459857485064
  }
}