{
  "vanilla_rag:dense_bge_compatible": {
    "recall_at_5": 0.6743386243386243,
    "recall_at_5_std": 0.2911296961348219,
    "recall_at_10": 0.7087301587301588,
    "recall_at_10_std": 0.2889056279368033,
    "recall_at_20": 0.7298941798941799,
    "recall_at_20_std": 0.28652782850326886,
    "recall_at_30": 0.7298941798941799,
    "recall_at_30_std": 0.28652782850326886,
    "recall_at_40": 0.7298941798941799,
    "recall_at_40_std": 0.28652782850326886,
    "precision_at_5": 0.3047619047619048,
    "precision_at_5_std": 0.13371680646723968,
    "precision_at_10": 0.1619047619047619,
    "precision_at_10_std": 0.07279793383405131,
    "precision_at_20": 0.08333333333333334,
    "precision_at_20_std": 0.03592106040535498,
    "precision_at_30": 0.05555555555555555,
    "precision_at_30_std": 0.023947373603569987,
    "precision_at_40": 0.04166666666666667,
    "precision_at_40_std": 0.01796053020267749,
    "hit_at_5": 0.9682539682539683,
    "hit_at_5_std": 0.17673143177130224,
    "hit_at_10": 0.9682539682539683,
    "hit_at_10_std": 0.17673143177130224,
    "hit_at_20": 0.9682539682539683,
    "hit_at_20_std": 0.17673143177130224,
    "hit_at_30": 0.9682539682539683,
    "hit_at_30_std": 0.17673143177130224,
    "hit_at_40": 0.9682539682539683,
    "hit_at_40_std": 0.17673143177130224,
    "complete_at_5": 0.3968253968253968,
    "complete_at_5_std": 0.4931689018948893,
    "complete_at_10": 0.4444444444444444,
    "complete_at_10_std": 0.5008952558646071,
    "complete_at_20": 0.47619047619047616,
    "complete_at_20_std": 0.5034443575988877,
    "complete_at_30": 0.47619047619047616,
    "complete_at_30_std": 0.5034443575988877,
    "complete_at_40": 0.47619047619047616,
    "complete_at_40_std": 0.5034443575988877,
    "mrr": 0.8743386243386243,
    "mrr_std": 0.2621906847481168,
    "ndcg_at_10": 0.6912544600742593,
    "ndcg_at_10_std": 0.22997875542362947,
    "bridge_recall_at_20": 0.1746031746031746,
    "bridge_recall_at_20_std": 0.38267658962604945,
    "latency_ms": 114.43924404577248,
    "latency_ms_std": 66.96965263835617
  },
  "hypergraph:evidence_hypergraph": {
    "recall_at_5": 0.6695767195767196,
    "recall_at_5_std": 0.29662890424365734,
    "recall_at_10": 0.707936507936508,
    "recall_at_10_std": 0.29390244679738026,
    "recall_at_20": 0.7158730158730159,
    "recall_at_20_std": 0.2949459061550163,
    "recall_at_30": 0.7158730158730159,
    "recall_at_30_std": 0.2949459061550163,
    "recall_at_40": 0.7158730158730159,
    "recall_at_40_std": 0.2949459061550163,
    "precision_at_5": 0.3015873015873016,
    "precision_at_5_std": 0.13379336920266688,
    "precision_at_10": 0.16031746031746033,
    "precision_at_10_std": 0.06848518214979896,
    "precision_at_20": 0.08095238095238096,
    "precision_at_20_std": 0.034111500554007926,
    "precision_at_30": 0.05396825396825397,
    "precision_at_30_std": 0.022741000369338616,
    "precision_at_40": 0.04047619047619048,
    "precision_at_40_std": 0.017055750277003963,
    "hit_at_5": 0.9523809523809523,
    "hit_at_5_std": 0.2146693953705459,
    "hit_at_10": 0.9523809523809523,
    "hit_at_10_std": 0.2146693953705459,
    "hit_at_20": 0.9523809523809523,
    "hit_at_20_std": 0.2146693953705459,
    "hit_at_30": 0.9523809523809523,
    "hit_at_30_std": 0.2146693953705459,
    "hit_at_40": 0.9523809523809523,
    "hit_at_40_std": 0.2146693953705459,
    "complete_at_5": 0.3968253968253968,
    "complete_at_5_std": 0.4931689018948893,
    "complete_at_10": 0.4444444444444444,
    "complete_at_10_std": 0.5008952558646071,
    "complete_at_20": 0.4603174603174603,
    "complete_at_20_std": 0.5024262688772971,
    "complete_at_30": 0.4603174603174603,
    "complete_at_30_std": 0.5024262688772971,
    "complete_at_40": 0.4603174603174603,
    "complete_at_40_std": 0.5024262688772971,
    "mrr": 0.8703703703703703,
    "mrr_std": 0.2734428780690887,
    "ndcg_at_10": 0.69184244324076,
    "ndcg_at_10_std": 0.23540699179432525,
    "bridge_recall_at_20": 0.047619047619047616,
    "bridge_recall_at_20_std": 0.2146693953705459,
    "latency_ms": 64.9840288041603,
    "latency_ms_std": 43.72010421442418
  },
  "graph:entity_relation": {
    "recall_at_5": 0.7206349206349206,
    "recall_at_5_std": 0.29743096975875494,
    "recall_at_10": 0.7912698412698412,
    "recall_at_10_std": 0.28374191196622117,
    "recall_at_20": 0.8719576719576719,
    "recall_at_20_std": 0.24917112408041264,
    "recall_at_30": 0.8772486772486773,
    "recall_at_30_std": 0.24827905135434217,
    "recall_at_40": 0.8851851851851852,
    "recall_at_40_std": 0.22685142515747547,
    "precision_at_5": 0.33015873015873015,
    "precision_at_5_std": 0.1443952021306854,
    "precision_at_10": 0.18412698412698414,
    "precision_at_10_std": 0.07871211163586683,
    "precision_at_20": 0.10238095238095238,
    "precision_at_20_std": 0.04157054966052699,
    "precision_at_30": 0.06878306878306878,
    "precision_at_30_std": 0.02799962613230677,
    "precision_at_40": 0.05198412698412699,
    "precision_at_40_std": 0.020231317198751993,
    "hit_at_5": 0.9523809523809523,
    "hit_at_5_std": 0.2146693953705459,
    "hit_at_10": 0.9523809523809523,
    "hit_at_10_std": 0.2146693953705459,
    "hit_at_20": 0.9682539682539683,
    "hit_at_20_std": 0.17673143177130224,
    "hit_at_30": 0.9682539682539683,
    "hit_at_30_std": 0.17673143177130224,
    "hit_at_40": 0.9841269841269841,
    "hit_at_40_std": 0.12598815766974242,
    "complete_at_5": 0.47619047619047616,
    "complete_at_5_std": 0.5034443575988877,
    "complete_at_10": 0.5873015873015873,
    "complete_at_10_std": 0.4962738784348766,
    "complete_at_20": 0.7619047619047619,
    "complete_at_20_std": 0.4293387907410918,
    "complete_at_30": 0.7777777777777778,
    "complete_at_30_std": 0.41907903806247476,
    "complete_at_40": 0.7777777777777778,
    "complete_at_40_std": 0.41907903806247476,
    "mrr": 0.8421220100943603,
    "mrr_std": 0.2890743120990831,
    "ndcg_at_10": 0.7176907728459877,
    "ndcg_at_10_std": 0.2520755098668331,
    "bridge_recall_at_20": 0.09523809523809523,
    "bridge_recall_at_20_std": 0.29590134113693356,
    "latency_ms": 173.3560596504027,
    "latency_ms_std": 105.38423225349958
  },
  "graph:reified_fact": {
    "recall_at_5": 0.7431216931216931,
    "recall_at_5_std": 0.25928345777396467,
    "recall_at_10": 0.8441798941798941,
    "recall_at_10_std": 0.22544576969441432,
    "recall_at_20": 0.9328042328042327,
    "recall_at_20_std": 0.15912980922036962,
    "recall_at_30": 0.9513227513227513,
    "recall_at_30_std": 0.14101849148242362,
    "recall_at_40": 0.9592592592592593,
    "recall_at_40_std": 0.12874420256209312,
    "precision_at_5": 0.33650793650793653,
    "precision_at_5_std": 0.12352561090275622,
    "precision_at_10": 0.19365079365079366,
    "precision_at_10_std": 0.06444055994083998,
    "precision_at_20": 0.10793650793650794,
    "precision_at_20_std": 0.032634769216318284,
    "precision_at_30": 0.07354497354497354,
    "precision_at_30_std": 0.02171725290614841,
    "precision_at_40": 0.05555555555555556,
    "precision_at_40_std": 0.015839698777049716,
    "hit_at_5": 1.0,
    "hit_at_5_std": 0.0,
    "hit_at_10": 1.0,
    "hit_at_10_std": 0.0,
    "hit_at_20": 1.0,
    "hit_at_20_std": 0.0,
    "hit_at_30": 1.0,
    "hit_at_30_std": 0.0,
    "hit_at_40": 1.0,
    "hit_at_40_std": 0.0,
    "complete_at_5": 0.47619047619047616,
    "complete_at_5_std": 0.5034443575988877,
    "complete_at_10": 0.6507936507936508,
    "complete_at_10_std": 0.48054841516113245,
    "complete_at_20": 0.8412698412698413,
    "complete_at_20_std": 0.3683594495540746,
    "complete_at_30": 0.8888888888888888,
    "complete_at_30_std": 0.3167939755409943,
    "complete_at_40": 0.9047619047619048,
    "complete_at_40_std": 0.29590134113693356,
    "mrr": 0.888095238095238,
    "mrr_std": 0.225887904992985,
    "ndcg_at_10": 0.7646785198253353,
    "ndcg_at_10_std": 0.19069868132635281,