{
  "base_model": "/models/bge-m3",
  "trainable_parameters": 1179648,
  "total_parameters": 568934400,
  "train_examples": 362,
  "evaluation_examples": 75,
  "candidate_facts": 20795,
  "epochs": 3,
  "loss_history": [
    1.3721383816629484,
    1.2681645332779015,
    1.1722913657762728
  ],
  "validation_history": [
    {
      "epoch": 1.0,
      "recall_at_20": 0.8066666666666666,
      "mrr": 0.720734524402686
    },
    {
      "epoch": 2.0,
      "recall_at_20": 0.7966666666666666,
      "mrr": 0.7376597930867139
    },
    {
      "epoch": 3.0,
      "recall_at_20": 0.778888888888889,
      "mrr": 0.7574260803899359
    }
  ],
  "selected_epoch": 1,
  "recall_at_20_before": 0.7744444444444445,
  "recall_at_20_after": 0.8066666666666666,
  "mrr_before": 0.7074529503418394,
  "mrr_after": 0.720734524402686,
  "elapsed_seconds": 103.95136368810199,
  "peak_gpu_memory_mb": 2337.2939453125,
  "dataset_sha256": "9280994981f71039da513dcbee71503ec8eb8759301de1706fe51f0bac192c41",
  "device": "cuda"
}