{
  "base_model": "/models/bge-m3",
  "trainable_parameters": 1179648,
  "total_parameters": 568934400,
  "train_examples": 362,
  "evaluation_examples": 75,
  "candidate_facts": 20795,
  "epochs": 3,
  "loss_history": [
    1.3532807576722203,
    1.256597732312113,
    1.1769036048025057
  ],
  "validation_history": [
    {
      "epoch": 1.0,
      "recall_at_20": 0.8066666666666666,
      "mrr": 0.7215098950235628
    },
    {
      "epoch": 2.0,
      "recall_at_20": 0.8033333333333333,
      "mrr": 0.7295331029173271
    },
    {
      "epoch": 3.0,
      "recall_at_20": 0.7833333333333333,
      "mrr": 0.7585641002772681
    }
  ],
  "selected_epoch": 1,
  "recall_at_20_before": 0.7744444444444445,
  "recall_at_20_after": 0.8066666666666666,
  "mrr_before": 0.7074529503418394,
  "mrr_after": 0.7215098950235628,
  "elapsed_seconds": 97.72963668615557,
  "peak_gpu_memory_mb": 2337.2939453125,
  "dataset_sha256": "9280994981f71039da513dcbee71503ec8eb8759301de1706fe51f0bac192c41",
  "device": "cuda"
}