{
  "cold_cache": {
    "requests": 100,
    "concurrency": 8,
    "success_rate": 1.0,
    "throughput_qps": 228.43328674996218,
    "p50_ms": 33.52802200242877,
    "p95_ms": 41.91063600592315,
    "max_ms": 47.52744687721133
  },
  "warm_cache": {
    "requests": 100,
    "concurrency": 8,
    "success_rate": 1.0,
    "throughput_qps": 2047.882399331402,
    "p50_ms": 1.038451911881566,
    "p95_ms": 28.67355407215655,
    "max_ms": 35.32796213403344
  },
  "total_load_test_seconds": 0.4907511209603399
}