{
  "vanilla_rag:dense_bge_compatible": {
    "recall_at_10": 0.6849206349206349,
    "recall_at_10_std": 0.3042075651648608,
    "recall_at_20": 0.7060846560846561,
    "recall_at_20_std": 0.30364130630888747,
    "mrr": 0.8597883597883598,
    "mrr_std": 0.2811368835950153,
    "ndcg_at_10": 0.6774263208403537,
    "ndcg_at_10_std": 0.25443142610773833,
    "bridge_recall_at_20": 0.14285714285714285,
    "bridge_recall_at_20_std": 0.3527378107513292,
    "latency_ms": 82.65913748699758,
    "latency_ms_std": 44.37895933212213
  },
  "hypergraph:evidence_hypergraph": {
    "recall_at_10": 0.6603174603174603,
    "recall_at_10_std": 0.31005301563416576,
    "recall_at_20": 0.6682539682539682,
    "recall_at_20_std": 0.31227449620982967,
    "mrr": 0.8624338624338624,
    "mrr_std": 0.29105493843275615,
    "ndcg_at_10": 0.6613059541107938,
    "ndcg_at_10_std": 0.25308972066673396,
    "bridge_recall_at_20": 0.06349206349206349,
    "bridge_recall_at_20_std": 0.2458045298026051,
    "latency_ms": 59.93663958303394,
    "latency_ms_std": 34.748284067283606
  },
  "graph:entity_relation": {
    "recall_at_10": 0.8018518518518518,
    "recall_at_10_std": 0.27227159233389564,
    "recall_at_20": 0.8878306878306879,
    "recall_at_20_std": 0.24061611384153028,
    "mrr": 0.8563492063492063,
    "mrr_std": 0.27393371924551846,
    "ndcg_at_10": 0.7319922005351724,
    "ndcg_at_10_std": 0.2393312185689284,
    "bridge_recall_at_20": 0.07936507936507936,
    "bridge_recall_at_20_std": 0.2724789013191783,
    "latency_ms": 136.15286611907538,
    "latency_ms_std": 51.50094884791994
  },
  "graph:reified_fact": {
    "recall_at_10": 0.8441798941798941,
    "recall_at_10_std": 0.22544576969441432,
    "recall_at_20": 0.9328042328042327,
    "recall_at_20_std": 0.15912980922036962,
    "mrr": 0.888095238095238,
    "mrr_std": 0.225887904992985,
    "ndcg_at_10": 0.764538032415213,
    "ndcg_at_10_std": 0.19067057756403438,
    "bridge_recall_at_20": 0.0,
    "bridge_recall_at_20_std": 0.0,
    "latency_ms": 52.32587551683306,
    "latency_ms_std": 26.224134233956935
  }
}