{
  "vanilla_rag:dense_bge_compatible": {
    "recall_at_10": 0.6849206349206349,
    "recall_at_10_std": 0.3042075651648608,
    "recall_at_20": 0.7060846560846561,
    "recall_at_20_std": 0.30364130630888747,
    "mrr": 0.8756613756613757,
    "mrr_std": 0.27429978297347535,
    "ndcg_at_10": 0.683320184327479,
    "ndcg_at_10_std": 0.2516755528994159,
    "bridge_recall_at_20": 0.14285714285714285,
    "bridge_recall_at_20_std": 0.3527378107513292,
    "latency_ms": 81.59047608736843,
    "latency_ms_std": 41.74073455145431
  },
  "hypergraph:evidence_hypergraph": {
    "recall_at_10": 0.665079365079365,
    "recall_at_10_std": 0.29142023822709345,
    "recall_at_20": 0.6730158730158731,
    "recall_at_20_std": 0.29365190074658803,
    "mrr": 0.8656084656084656,
    "mrr_std": 0.2824602775364333,
    "ndcg_at_10": 0.6658548934162345,
    "ndcg_at_10_std": 0.2509438856783268,
    "bridge_recall_at_20": 0.1111111111111111,
    "bridge_recall_at_20_std": 0.3167939755409943,
    "latency_ms": 47.35511443429878,
    "latency_ms_std": 53.0968257167009
  },
  "graph:entity_relation": {
    "recall_at_10": 0.7931216931216931,
    "recall_at_10_std": 0.27506328565768345,
    "recall_at_20": 0.873015873015873,
    "recall_at_20_std": 0.249487441798082,
    "mrr": 0.858994708994709,
    "mrr_std": 0.27936540665856174,
    "ndcg_at_10": 0.7224227478954485,
    "ndcg_at_10_std": 0.23406404599634673,
    "bridge_recall_at_20": 0.06349206349206349,
    "bridge_recall_at_20_std": 0.2458045298026051,
    "latency_ms": 158.0007015838332,
    "latency_ms_std": 75.02818214506469
  },
  "graph:reified_fact": {
    "recall_at_10": 0.8447089947089947,
    "recall_at_10_std": 0.24364366344844438,
    "recall_at_20": 0.9232804232804233,
    "recall_at_20_std": 0.20263806043115845,
    "mrr": 0.8854497354497355,
    "mrr_std": 0.24822834728709428,
    "ndcg_at_10": 0.7672685637041965,
    "ndcg_at_10_std": 0.21370432121878669,
    "bridge_recall_at_20": 0.2222222222222222,
    "bridge_recall_at_20_std": 0.41907903806247476,
    "latency_ms": 41.705424915851346,
    "latency_ms_std": 19.68523540709963
  }
}