{
  "vanilla_rag:dense_bge_compatible": {
    "recall_at_5": 0.6743386243386243,
    "recall_at_5_std": 0.2911296961348219,
    "recall_at_10": 0.7087301587301588,
    "recall_at_10_std": 0.2889056279368033,
    "recall_at_20": 0.7298941798941799,
    "recall_at_20_std": 0.28652782850326886,
    "recall_at_30": 0.7298941798941799,
    "recall_at_30_std": 0.28652782850326886,
    "recall_at_40": 0.7298941798941799,
    "recall_at_40_std": 0.28652782850326886,
    "precision_at_5": 0.3047619047619048,
    "precision_at_5_std": 0.13371680646723968,
    "precision_at_10": 0.1619047619047619,
    "precision_at_10_std": 0.07279793383405131,
    "precision_at_20": 0.08333333333333334,
    "precision_at_20_std": 0.03592106040535498,
    "precision_at_30": 0.05555555555555555,
    "precision_at_30_std": 0.023947373603569987,
    "precision_at_40": 0.04166666666666667,
    "precision_at_40_std": 0.01796053020267749,
    "hit_at_5": 0.9682539682539683,
    "hit_at_5_std": 0.17673143177130224,
    "hit_at_10": 0.9682539682539683,
    "hit_at_10_std": 0.17673143177130224,
    "hit_at_20": 0.9682539682539683,
    "hit_at_20_std": 0.17673143177130224,
    "hit_at_30": 0.9682539682539683,
    "hit_at_30_std": 0.17673143177130224,
    "hit_at_40": 0.9682539682539683,
    "hit_at_40_std": 0.17673143177130224,
    "complete_at_5": 0.3968253968253968,
    "complete_at_5_std": 0.4931689018948893,
    "complete_at_10": 0.4444444444444444,
    "complete_at_10_std": 0.5008952558646071,
    "complete_at_20": 0.47619047619047616,
    "complete_at_20_std": 0.5034443575988877,
    "complete_at_30": 0.47619047619047616,
    "complete_at_30_std": 0.5034443575988877,
    "complete_at_40": 0.47619047619047616,
    "complete_at_40_std": 0.5034443575988877,
    "mrr": 0.8902116402116402,
    "mrr_std": 0.25392324710013386,
    "ndcg_at_10": 0.6971483235613846,
    "ndcg_at_10_std": 0.22656087456249652,
    "bridge_recall_at_20": 0.1746031746031746,
    "bridge_recall_at_20_std": 0.38267658962604945,
    "latency_ms": 79.01246099185849,
    "latency_ms_std": 36.248260571495095
  },
  "hypergraph:evidence_hypergraph": {
    "recall_at_5": 0.6835978835978836,
    "recall_at_5_std": 0.29053917347169117,
    "recall_at_10": 0.7232804232804233,
    "recall_at_10_std": 0.28302544439200983,
    "recall_at_20": 0.7312169312169312,
    "recall_at_20_std": 0.2836729789596894,
    "recall_at_30": 0.7312169312169312,
    "recall_at_30_std": 0.2836729789596894,
    "recall_at_40": 0.7312169312169312,
    "recall_at_40_std": 0.2836729789596894,
    "precision_at_5": 0.30793650793650795,
    "precision_at_5_std": 0.12864252457700093,
    "precision_at_10": 0.16507936507936508,
    "precision_at_10_std": 0.06992791255592493,
    "precision_at_20": 0.08333333333333334,
    "precision_at_20_std": 0.03478041718201262,
    "precision_at_30": 0.05555555555555555,
    "precision_at_30_std": 0.023186944788008413,
    "precision_at_40": 0.04166666666666667,
    "precision_at_40_std": 0.01739020859100631,
    "hit_at_5": 0.9682539682539683,
    "hit_at_5_std": 0.17673143177130224,
    "hit_at_10": 0.9682539682539683,
    "hit_at_10_std": 0.17673143177130224,
    "hit_at_20": 0.9682539682539683,
    "hit_at_20_std": 0.17673143177130224,
    "hit_at_30": 0.9682539682539683,
    "hit_at_30_std": 0.17673143177130224,
    "hit_at_40": 0.9682539682539683,
    "hit_at_40_std": 0.17673143177130224,
    "complete_at_5": 0.4126984126984127,
    "complete_at_5_std": 0.4962738784348766,
    "complete_at_10": 0.4603174603174603,
    "complete_at_10_std": 0.5024262688772971,
    "complete_at_20": 0.47619047619047616,
    "complete_at_20_std": 0.5034443575988877,
    "complete_at_30": 0.47619047619047616,
    "complete_at_30_std": 0.5034443575988877,
    "complete_at_40": 0.47619047619047616,
    "complete_at_40_std": 0.5034443575988877,
    "mrr": 0.8756613756613757,
    "mrr_std": 0.25918305270650593,
    "ndcg_at_10": 0.7011396615498081,
    "ndcg_at_10_std": 0.23228791534539128,
    "bridge_recall_at_20": 0.12698412698412698,
    "bridge_recall_at_20_std": 0.3356295717325918,
    "latency_ms": 43.35735392357622,
    "latency_ms_std": 32.998552265925795
  },
  "graph:entity_relation": {
    "recall_at_5": 0.7145502645502646,
    "recall_at_5_std": 0.2899989504290125,
    "recall_at_10": 0.7878306878306879,
    "recall_at_10_std": 0.28068347121694537,
    "recall_at_20": 0.8624338624338624,
    "recall_at_20_std": 0.2509653093658402,
    "recall_at_30": 0.8703703703703703,
    "recall_at_30_std": 0.24719654733578938,
    "recall_at_40": 0.8783068783068783,
    "recall_at_40_std": 0.22591183059508385,
    "precision_at_5": 0.326984126984127,
    "precision_at_5_std": 0.14503208677943139,
    "precision_at_10": 0.18253968253968256,
    "precision_at_10_std": 0.07939221246380272,
    "precision_at_20": 0.1007936507936508,
    "precision_at_20_std": 0.040652008135994844,
    "precision_at_30": 0.06772486772486773,
    "precision_at_30_std": 0.026752720002571412,
    "precision_at_40": 0.05119047619047619,
    "precision_at_40_std": 0.019275470909989288,
    "hit_at_5": 0.9682539682539683,
    "hit_at_5_std": 0.17673143177130224,
    "hit_at_10": 0.9682539682539683,
    "hit_at_10_std": 0.17673143177130224,
    "hit_at_20": 0.9682539682539683,
    "hit_at_20_std": 0.17673143177130224,
    "hit_at_30": 0.9682539682539683,
    "hit_at_30_std": 0.17673143177130224,
    "hit_at_40": 0.9841269841269841,
    "hit_at_40_std": 0.12598815766974242,
    "complete_at_5": 0.4603174603174603,
    "complete_at_5_std": 0.5024262688772971,
    "complete_at_10": 0.5873015873015873,
    "complete_at_10_std": 0.4962738784348766,
    "complete_at_20": 0.7301587301587301,
    "complete_at_20_std": 0.4474425249214014,
    "complete_at_30": 0.746031746031746,
    "complete_at_30_std": 0.43877593548026267,
    "complete_at_40": 0.746031746031746,
    "complete_at_40_std": 0.43877593548026267,
    "mrr": 0.859448223733938,
    "mrr_std": 0.27796814171566436,
    "ndcg_at_10": 0.7197213447001181,
    "ndcg_at_10_std": 0.23954907914314655,
    "bridge_recall_at_20": 0.047619047619047616,
    "bridge_recall_at_20_std": 0.2146693953705459,
    "latency_ms": 143.89987748914533,
    "latency_ms_std": 65.13046284322006
  },
  "graph:reified_fact": {
    "recall_at_5": 0.7436507936507937,
    "recall_at_5_std": 0.2730983216579163,
    "recall_at_10": 0.8447089947089947,
    "recall_at_10_std": 0.24364366344844438,
    "recall_at_20": 0.9232804232804233,
    "recall_at_20_std": 0.20263806043115845,
    "recall_at_30": 0.955026455026455,
    "recall_at_30_std": 0.1672204488102843,
    "recall_at_40": 0.9629629629629629,
    "recall_at_40_std": 0.12855846906423624,
    "precision_at_5": 0.3396825396825397,
    "precision_at_5_std": 0.13741822499649714,
    "precision_at_10": 0.19523809523809524,
    "precision_at_10_std": 0.07279793383405131,
    "precision_at_20": 0.10793650793650794,
    "precision_at_20_std": 0.040367614381266244,
    "precision_at_30": 0.0746031746031746,
    "precision_at_30_std": 0.025899091274163365,
    "precision_at_40": 0.05634920634920635,
    "precision_at_40_std": 0.018495996716080192,
    "hit_at_5": 0.9841269841269841,
    "hit_at_5_std": 0.12598815766974242,
    "hit_at_10": 0.9841269841269841,
    "hit_at_10_std": 0.12598815766974242,
    "hit_at_20": 0.9841269841269841,
    "hit_at_20_std": 0.12598815766974242,
    "hit_at_30": 0.9841269841269841,
    "hit_at_30_std": 0.12598815766974242,
    "hit_at_40": 1.0,
    "hit_at_40_std": 0.0,
    "complete_at_5": 0.49206349206349204,
    "complete_at_5_std": 0.5039526306789697,
    "complete_at_10": 0.6666666666666666,
    "complete_at_10_std": 0.47519096331149147,
    "complete_at_20": 0.8571428571428571,
    "complete_at_20_std": 0.3527378107513292,
    "complete_at_30": 0.9206349206349206,
    "complete_at_30_std": 0.2724789013191783,
    "complete_at_40": 0.9206349206349206,
    "complete_at_40_std": 0.2724789013191783,
    "mrr": 0.8858674463937621,