{
  "vanilla_rag:dense_bge_compatible": {
    "recall_at_5": 0.6280423280423281,
    "recall_at_5_std": 0.29646703136841307,
    "recall_at_10": 0.7087301587301588,
    "recall_at_10_std": 0.2889056279368033,
    "recall_at_20": 0.7298941798941799,
    "recall_at_20_std": 0.28652782850326886,
    "recall_at_30": 0.7298941798941799,
    "recall_at_30_std": 0.28652782850326886,
    "recall_at_40": 0.7298941798941799,
    "recall_at_40_std": 0.28652782850326886,
    "precision_at_5": 0.2888888888888889,
    "precision_at_5_std": 0.14713512673632106,
    "precision_at_10": 0.1619047619047619,
    "precision_at_10_std": 0.07279793383405131,
    "precision_at_20": 0.08333333333333334,
    "precision_at_20_std": 0.03592106040535498,
    "precision_at_30": 0.05555555555555555,
    "precision_at_30_std": 0.023947373603569987,
    "precision_at_40": 0.04166666666666667,
    "precision_at_40_std": 0.01796053020267749,
    "hit_at_5": 0.9365079365079365,
    "hit_at_5_std": 0.2458045298026051,
    "hit_at_10": 0.9682539682539683,
    "hit_at_10_std": 0.17673143177130224,
    "hit_at_20": 0.9682539682539683,
    "hit_at_20_std": 0.17673143177130224,
    "hit_at_30": 0.9682539682539683,
    "hit_at_30_std": 0.17673143177130224,
    "hit_at_40": 0.9682539682539683,
    "hit_at_40_std": 0.17673143177130224,
    "complete_at_5": 0.31746031746031744,
    "complete_at_5_std": 0.4692271210638118,
    "complete_at_10": 0.4444444444444444,
    "complete_at_10_std": 0.5008952558646071,
    "complete_at_20": 0.47619047619047616,
    "complete_at_20_std": 0.5034443575988877,
    "complete_at_30": 0.47619047619047616,
    "complete_at_30_std": 0.5034443575988877,
    "complete_at_40": 0.47619047619047616,
    "complete_at_40_std": 0.5034443575988877,
    "mrr": 0.8201058201058201,
    "mrr_std": 0.31223782880966483,
    "ndcg_at_10": 0.6595256952950299,
    "ndcg_at_10_std": 0.24065667312353975,
    "bridge_recall_at_20": 0.1746031746031746,
    "bridge_recall_at_20_std": 0.38267658962604945,
    "latency_ms": 91.40719905761736,
    "latency_ms_std": 33.706698420744814
  },
  "hypergraph:evidence_hypergraph": {
    "recall_at_5": 0.5936507936507937,
    "recall_at_5_std": 0.2985692971355432,
    "recall_at_10": 0.6730158730158731,
    "recall_at_10_std": 0.30303761686467745,
    "recall_at_20": 0.71005291005291,
    "recall_at_20_std": 0.30585006520899816,
    "recall_at_30": 0.71005291005291,
    "recall_at_30_std": 0.30585006520899816,
    "recall_at_40": 0.71005291005291,
    "recall_at_40_std": 0.30585006520899816,
    "precision_at_5": 0.27301587301587305,
    "precision_at_5_std": 0.15367156977426516,
    "precision_at_10": 0.15396825396825398,
    "precision_at_10_std": 0.07582959849684373,
    "precision_at_20": 0.08095238095238096,
    "precision_at_20_std": 0.03749039815628864,
    "precision_at_30": 0.05396825396825397,
    "precision_at_30_std": 0.024993598770859094,
    "precision_at_40": 0.04047619047619048,
    "precision_at_40_std": 0.01874519907814432,
    "hit_at_5": 0.9206349206349206,
    "hit_at_5_std": 0.2724789013191783,
    "hit_at_10": 0.9365079365079365,
    "hit_at_10_std": 0.2458045298026051,
    "hit_at_20": 0.9365079365079365,
    "hit_at_20_std": 0.2458045298026051,
    "hit_at_30": 0.9365079365079365,
    "hit_at_30_std": 0.2458045298026051,
    "hit_at_40": 0.9365079365079365,
    "hit_at_40_std": 0.2458045298026051,
    "complete_at_5": 0.2857142857142857,
    "complete_at_5_std": 0.4553825555391872,
    "complete_at_10": 0.3968253968253968,
    "complete_at_10_std": 0.4931689018948893,
    "complete_at_20": 0.4603174603174603,
    "complete_at_20_std": 0.5024262688772971,
    "complete_at_30": 0.4603174603174603,
    "complete_at_30_std": 0.5024262688772971,
    "complete_at_40": 0.4603174603174603,
    "complete_at_40_std": 0.5024262688772971,
    "mrr": 0.8113756613756614,
    "mrr_std": 0.3296819554173782,
    "ndcg_at_10": 0.6328156699623942,
    "ndcg_at_10_std": 0.2502778233215683,
    "bridge_recall_at_20": 0.07936507936507936,
    "bridge_recall_at_20_std": 0.2724789013191783,
    "latency_ms": 47.334231831695114,
    "latency_ms_std": 25.073476427345998
  },
  "graph:entity_relation": {
    "recall_at_5": 0.6280423280423281,
    "recall_at_5_std": 0.25939040400906094,
    "recall_at_10": 0.7423280423280423,
    "recall_at_10_std": 0.25015811123510473,
    "recall_at_20": 0.8513227513227514,
    "recall_at_20_std": 0.2135697108477494,
    "recall_at_30": 0.8671957671957672,
    "recall_at_30_std": 0.20515245345211358,
    "recall_at_40": 0.8724867724867725,
    "recall_at_40_std": 0.20419346390212162,
    "precision_at_5": 0.2920634920634921,
    "precision_at_5_std": 0.14289809960765668,
    "precision_at_10": 0.17142857142857143,
    "precision_at_10_std": 0.07054756215026585,
    "precision_at_20": 0.09920634920634921,
    "precision_at_20_std": 0.03646923525833385,
    "precision_at_30": 0.0671957671957672,
    "precision_at_30_std": 0.023564190902840298,
    "precision_at_40": 0.050793650793650794,
    "precision_at_40_std": 0.017942703369299418,
    "hit_at_5": 0.9682539682539683,
    "hit_at_5_std": 0.17673143177130224,
    "hit_at_10": 1.0,
    "hit_at_10_std": 0.0,
    "hit_at_20": 1.0,
    "hit_at_20_std": 0.0,
    "hit_at_30": 1.0,
    "hit_at_30_std": 0.0,
    "hit_at_40": 1.0,
    "hit_at_40_std": 0.0,
    "complete_at_5": 0.2698412698412698,
    "complete_at_5_std": 0.4474425249214014,
    "complete_at_10": 0.4603174603174603,
    "complete_at_10_std": 0.5024262688772971,
    "complete_at_20": 0.6507936507936508,
    "complete_at_20_std": 0.48054841516113245,
    "complete_at_30": 0.6825396825396826,
    "complete_at_30_std": 0.4692271210638118,
    "complete_at_40": 0.6984126984126984,
    "complete_at_40_std": 0.46263343794052075,
    "mrr": 0.8332010582010582,
    "mrr_std": 0.29709047618240586,
    "ndcg_at_10": 0.6724735083524946,
    "ndcg_at_10_std": 0.21612955905005818,
    "bridge_recall_at_20": 0.1111111111111111,
    "bridge_recall_at_20_std": 0.3167939755409943,
    "latency_ms": 100.26061852713899,
    "latency_ms_std": 51.42131524204928
  },
  "graph:reified_fact": {
    "recall_at_5": 0.6492063492063492,
    "recall_at_5_std": 0.28466525287712324,
    "recall_at_10": 0.7761904761904762,
    "recall_at_10_std": 0.2692867634754871,
    "recall_at_20": 0.8661375661375661,
    "recall_at_20_std": 0.21253227151048684,
    "recall_at_30": 0.882010582010582,
    "recall_at_30_std": 0.20289794712403286,
    "recall_at_40": 0.8952380952380953,
    "recall_at_40_std": 0.19579880893179372,
    "precision_at_5": 0.30158730158730157,
    "precision_at_5_std": 0.1518616342766723,
    "precision_at_10": 0.17777777777777778,
    "precision_at_10_std": 0.07058384271946799,
    "precision_at_20": 0.1,
    "precision_at_20_std": 0.03360107525161235,
    "precision_at_30": 0.06772486772486773,
    "precision_at_30_std": 0.021559498375155074,
    "precision_at_40": 0.05158730158730159,
    "precision_at_40_std": 0.016110139985209996,
    "hit_at_5": 0.9523809523809523,
    "hit_at_5_std": 0.2146693953705459,
    "hit_at_10": 0.9841269841269841,
    "hit_at_10_std": 0.12598815766974242,
    "hit_at_20": 1.0,
    "hit_at_20_std": 0.0,
    "hit_at_30": 1.0,
    "hit_at_30_std": 0.0,
    "hit_at_40": 1.0,
    "hit_at_40_std": 0.0,
    "complete_at_5": 0.3333333333333333,
    "complete_at_5_std": 0.47519096331149147,
    "complete_at_10": 0.5555555555555556,
    "complete_at_10_std": 0.5008952558646071,
    "complete_at_20": 0.6984126984126984,
    "complete_at_20_std": 0.46263343794052075,
    "complete_at_30": 0.7301587301587301,
    "complete_at_30_std": 0.4474425249214014,
    "complete_at_40": 0.7619047619047619,
    "complete_at_40_std": 0.4293387907410918,
    "mrr": 0.8346440596440596,
    "mrr_std": 0.2965917348092337,
    "ndcg_at_10": 0.6957944311586333,
    "ndcg_at_10_std": 0.2335127428335673,
    "bridge_recall_at_20": 0.23809523809523808,
    "bridge_recall_at_20_std": 0.4293387907410918,