{
  "hypergraph:evidence_hypergraph": {
    "recall_at_10": 0.3273333333333333,
    "recall_at_20": 0.43066666666666664,
    "mrr": 0.2817323374939474,
    "ndcg_at_10": 0.22160206997361262,
    "bridge_recall_at_20": 0.14,
    "latency_ms": 9.422811008989811
  },
  "graph:entity_relation": {
    "recall_at_10": 0.33899999999999997,
    "recall_at_20": 0.5706666666666667,
    "mrr": 0.27229111325550953,
    "ndcg_at_10": 0.22364229148400883,
    "bridge_recall_at_20": 0.06,
    "latency_ms": 9.265031958930194
  },
  "graph:reified_fact": {
    "recall_at_10": 0.36333333333333334,
    "recall_at_20": 0.6266666666666667,
    "mrr": 0.2497467499820441,
    "ndcg_at_10": 0.2343780847971829,
    "bridge_recall_at_20": 0.18,
    "latency_ms": 8.828005255199969
  }
}