{
  "raw_only": {
    "recall_at_20_delta": -0.009259259259259259,
    "ci95_low": -0.02513227513227513,
    "ci95_high": 0.006613756613756613,
    "p_two_sided": 0.3367663233676632,
    "paired_rows": 189
  },
  "no_low": {
    "recall_at_20_delta": -0.005291005291005291,
    "ci95_low": -0.021164021164021163,
    "ci95_high": 0.007936507936507936,
    "p_two_sided": 0.7255274472552745,
    "paired_rows": 189
  },
  "no_mid": {
    "recall_at_20_delta": -0.010582010582010581,
    "ci95_low": -0.026455026455026454,
    "ci95_high": 0.0026455026455026454,
    "p_two_sided": 0.28117188281171884,
    "paired_rows": 189
  },
  "no_high": {
    "recall_at_20_delta": -0.005291005291005291,
    "ci95_low": -0.021164021164021163,
    "ci95_high": 0.007936507936507936,
    "p_two_sided": 0.7259274072592741,
    "paired_rows": 189
  },
  "fixed_gate": {
    "recall_at_20_delta": -0.02777777777777778,
    "ci95_low": -0.05687830687830688,
    "ci95_high": -0.0008818342151675489,
    "p_two_sided": 0.055894410558944105,
    "paired_rows": 189
  },
  "no_role_gate": {
    "recall_at_20_delta": -0.005291005291005291,
    "ci95_low": -0.018518518518518517,
    "ci95_high": 0.007936507936507936,
    "p_two_sided": 0.694030596940306,
    "paired_rows": 189
  },
  "no_semantic_graph": {
    "recall_at_20_delta": -0.005291005291005291,
    "ci95_low": -0.018518518518518517,
    "ci95_high": 0.007936507936507936,
    "p_two_sided": 0.6947305269473053,
    "paired_rows": 189
  },
  "no_bridge_loss": {
    "recall_at_20_delta": -0.01781305114638448,
    "ci95_low": -0.05432098765432099,
    "ci95_high": 0.01948853615520282,
    "p_two_sided": 0.3524647535246475,
    "paired_rows": 189
  },
  "no_hard_negatives": {
    "recall_at_20_delta": -0.04056437389770723,
    "ci95_low": -0.06349206349206349,
    "ci95_high": -0.020282186948853614,
    "p_two_sided": 0.00019998000199980003,
    "paired_rows": 189
  }
}