{
  "vanilla_rag:dense_bge_compatible": {
    "recall_at_5": 0.6280423280423281,
    "recall_at_5_std": 0.29646703136841307,
    "recall_at_10": 0.7087301587301588,
    "recall_at_10_std": 0.2889056279368033,
    "recall_at_20": 0.7298941798941799,
    "recall_at_20_std": 0.28652782850326886,
    "recall_at_30": 0.7298941798941799,
    "recall_at_30_std": 0.28652782850326886,
    "recall_at_40": 0.7298941798941799,
    "recall_at_40_std": 0.28652782850326886,
    "precision_at_5": 0.2888888888888889,
    "precision_at_5_std": 0.14713512673632106,
    "precision_at_10": 0.1619047619047619,
    "precision_at_10_std": 0.07279793383405131,
    "precision_at_20": 0.08333333333333334,
    "precision_at_20_std": 0.03592106040535498,
    "precision_at_30": 0.05555555555555555,
    "precision_at_30_std": 0.023947373603569987,
    "precision_at_40": 0.04166666666666667,
    "precision_at_40_std": 0.01796053020267749,
    "hit_at_5": 0.9365079365079365,
    "hit_at_5_std": 0.2458045298026051,
    "hit_at_10": 0.9682539682539683,
    "hit_at_10_std": 0.17673143177130224,
    "hit_at_20": 0.9682539682539683,
    "hit_at_20_std": 0.17673143177130224,
    "hit_at_30": 0.9682539682539683,
    "hit_at_30_std": 0.17673143177130224,
    "hit_at_40": 0.9682539682539683,
    "hit_at_40_std": 0.17673143177130224,
    "complete_at_5": 0.31746031746031744,
    "complete_at_5_std": 0.4692271210638118,
    "complete_at_10": 0.4444444444444444,
    "complete_at_10_std": 0.5008952558646071,
    "complete_at_20": 0.47619047619047616,
    "complete_at_20_std": 0.5034443575988877,
    "complete_at_30": 0.47619047619047616,
    "complete_at_30_std": 0.5034443575988877,
    "complete_at_40": 0.47619047619047616,
    "complete_at_40_std": 0.5034443575988877,
    "mrr": 0.8201058201058201,
    "mrr_std": 0.31223782880966483,
    "ndcg_at_10": 0.6595256952950299,
    "ndcg_at_10_std": 0.24065667312353975,
    "bridge_recall_at_20": 0.1746031746031746,
    "bridge_recall_at_20_std": 0.38267658962604945,
    "latency_ms": 158.05010811337047,
    "latency_ms_std": 101.7038636459626
  },
  "hypergraph:evidence_hypergraph": {
    "recall_at_5": 0.6391534391534391,
    "recall_at_5_std": 0.2799634949666958,
    "recall_at_10": 0.707936507936508,
    "recall_at_10_std": 0.29390244679738026,
    "recall_at_20": 0.7158730158730159,
    "recall_at_20_std": 0.2949459061550163,
    "recall_at_30": 0.7158730158730159,
    "recall_at_30_std": 0.2949459061550163,
    "recall_at_40": 0.7158730158730159,
    "recall_at_40_std": 0.2949459061550163,
    "precision_at_5": 0.2920634920634921,
    "precision_at_5_std": 0.138309595801718,
    "precision_at_10": 0.16031746031746033,
    "precision_at_10_std": 0.06848518214979896,
    "precision_at_20": 0.08095238095238096,
    "precision_at_20_std": 0.034111500554007926,
    "precision_at_30": 0.05396825396825397,
    "precision_at_30_std": 0.022741000369338616,
    "precision_at_40": 0.04047619047619048,
    "precision_at_40_std": 0.017055750277003963,
    "hit_at_5": 0.9523809523809523,
    "hit_at_5_std": 0.2146693953705459,
    "hit_at_10": 0.9523809523809523,
    "hit_at_10_std": 0.2146693953705459,
    "hit_at_20": 0.9523809523809523,
    "hit_at_20_std": 0.2146693953705459,
    "hit_at_30": 0.9523809523809523,
    "hit_at_30_std": 0.2146693953705459,
    "hit_at_40": 0.9523809523809523,
    "hit_at_40_std": 0.2146693953705459,
    "complete_at_5": 0.31746031746031744,
    "complete_at_5_std": 0.4692271210638118,
    "complete_at_10": 0.4444444444444444,
    "complete_at_10_std": 0.5008952558646071,
    "complete_at_20": 0.4603174603174603,
    "complete_at_20_std": 0.5024262688772971,
    "complete_at_30": 0.4603174603174603,
    "complete_at_30_std": 0.5024262688772971,
    "complete_at_40": 0.4603174603174603,
    "complete_at_40_std": 0.5024262688772971,
    "mrr": 0.8325396825396826,
    "mrr_std": 0.305041694244991,
    "ndcg_at_10": 0.6648804965961714,
    "ndcg_at_10_std": 0.24185392403262418,
    "bridge_recall_at_20": 0.047619047619047616,
    "bridge_recall_at_20_std": 0.2146693953705459,
    "latency_ms": 51.44184326294751,
    "latency_ms_std": 44.96413216510379
  },
  "graph:entity_relation": {
    "recall_at_5": 0.6148148148148148,
    "recall_at_5_std": 0.2996878769257516,
    "recall_at_10": 0.7555555555555555,
    "recall_at_10_std": 0.28847330184635145,
    "recall_at_20": 0.8560846560846561,
    "recall_at_20_std": 0.25644561049215725,
    "recall_at_30": 0.8798941798941798,
    "recall_at_30_std": 0.22801462590166935,
    "recall_at_40": 0.8851851851851852,
    "recall_at_40_std": 0.22685142515747547,
    "precision_at_5": 0.2888888888888889,
    "precision_at_5_std": 0.16373770440034238,
    "precision_at_10": 0.1761904761904762,
    "precision_at_10_std": 0.0797461410013569,
    "precision_at_20": 0.1007936507936508,
    "precision_at_20_std": 0.04258962418324018,
    "precision_at_30": 0.06878306878306878,
    "precision_at_30_std": 0.02668884553020861,
    "precision_at_40": 0.05198412698412699,
    "precision_at_40_std": 0.020231317198751993,
    "hit_at_5": 0.9206349206349206,
    "hit_at_5_std": 0.2724789013191783,
    "hit_at_10": 0.9523809523809523,
    "hit_at_10_std": 0.2146693953705459,
    "hit_at_20": 0.9682539682539683,
    "hit_at_20_std": 0.17673143177130224,
    "hit_at_30": 0.9841269841269841,
    "hit_at_30_std": 0.12598815766974242,
    "hit_at_40": 0.9841269841269841,
    "hit_at_40_std": 0.12598815766974242,
    "complete_at_5": 0.30158730158730157,
    "complete_at_5_std": 0.46263343794052075,
    "complete_at_10": 0.5238095238095238,
    "complete_at_10_std": 0.5034443575988877,
    "complete_at_20": 0.7301587301587301,
    "complete_at_20_std": 0.4474425249214014,
    "complete_at_30": 0.7619047619047619,
    "complete_at_30_std": 0.4293387907410918,
    "complete_at_40": 0.7777777777777778,
    "complete_at_40_std": 0.41907903806247476,
    "mrr": 0.7958553791887125,
    "mrr_std": 0.32891367824995155,
    "ndcg_at_10": 0.6668438370641216,
    "ndcg_at_10_std": 0.25854667406662757,
    "bridge_recall_at_20": 0.09523809523809523,
    "bridge_recall_at_20_std": 0.29590134113693356,
    "latency_ms": 147.08494327016294,
    "latency_ms_std": 95.73770810812518
  },
  "graph:reified_fact": {
    "recall_at_5": 0.6518518518518519,
    "recall_at_5_std": 0.2840299960039923,
    "recall_at_10": 0.8052910052910053,
    "recall_at_10_std": 0.24362527406880863,
    "recall_at_20": 0.9142857142857143,
    "recall_at_20_std": 0.18096854968591208,
    "recall_at_30": 0.9380952380952381,
    "recall_at_30_std": 0.15564148018218862,
    "recall_at_40": 0.9592592592592593,
    "recall_at_40_std": 0.12874420256209312,
    "precision_at_5": 0.3015873015873016,
    "precision_at_5_std": 0.1475521378514612,
    "precision_at_10": 0.18412698412698414,
    "precision_at_10_std": 0.06526953843263657,
    "precision_at_20": 0.10634920634920636,
    "precision_at_20_std": 0.03534628635426045,
    "precision_at_30": 0.07248677248677249,
    "precision_at_30_std": 0.022029373141154194,
    "precision_at_40": 0.05555555555555556,
    "precision_at_40_std": 0.015839698777049716,
    "hit_at_5": 0.9523809523809523,
    "hit_at_5_std": 0.2146693953705459,
    "hit_at_10": 1.0,
    "hit_at_10_std": 0.0,
    "hit_at_20": 1.0,
    "hit_at_20_std": 0.0,
    "hit_at_30": 1.0,
    "hit_at_30_std": 0.0,
    "hit_at_40": 1.0,
    "hit_at_40_std": 0.0,
    "complete_at_5": 0.3333333333333333,
    "complete_at_5_std": 0.47519096331149147,
    "complete_at_10": 0.5873015873015873,
    "complete_at_10_std": 0.4962738784348766,
    "complete_at_20": 0.8095238095238095,
    "complete_at_20_std": 0.3958308068477864,
    "complete_at_30": 0.8571428571428571,
    "complete_at_30_std": 0.3527378107513292,
    "complete_at_40": 0.9047619047619048,
    "complete_at_40_std": 0.29590134113693356,
    "mrr": 0.8366402116402116,
    "mrr_std": 0.2919834672836453,
    "ndcg_at_10": 0.7069251171827631,
    "ndcg_at_10_std": 0.2118808040019326,