{
  "vanilla_rag:dense_bge_compatible": {
    "recall_at_10": 0.6849206349206349,
    "recall_at_10_std": 0.3042075651648608,
    "recall_at_20": 0.7060846560846561,
    "recall_at_20_std": 0.30364130630888747,
    "mrr": 0.8068783068783069,
    "mrr_std": 0.32372765724144875,
    "ndcg_at_10": 0.6443285614078967,
    "ndcg_at_10_std": 0.26070751231406536,
    "bridge_recall_at_20": 0.14285714285714285,
    "bridge_recall_at_20_std": 0.3527378107513292,
    "latency_ms": 81.01086976701423,
    "latency_ms_std": 39.20259678918007
  },
  "hypergraph:evidence_hypergraph": {
    "recall_at_10": 0.6716931216931217,
    "recall_at_10_std": 0.3061881920751725,
    "recall_at_20": 0.714021164021164,
    "recall_at_20_std": 0.29950984972533734,
    "mrr": 0.7961829176114891,
    "mrr_std": 0.3425363161432542,
    "ndcg_at_10": 0.6342982785419636,
    "ndcg_at_10_std": 0.2702637986088354,
    "bridge_recall_at_20": 0.06349206349206349,
    "bridge_recall_at_20_std": 0.2458045298026051,
    "latency_ms": 58.6504663104221,
    "latency_ms_std": 29.49747307734146
  },
  "graph:entity_relation": {
    "recall_at_10": 0.744973544973545,
    "recall_at_10_std": 0.26246069718800424,
    "recall_at_20": 0.8539682539682539,
    "recall_at_20_std": 0.21015257910103358,
    "mrr": 0.8198717948717948,
    "mrr_std": 0.3088735038865451,
    "ndcg_at_10": 0.669545827374814,
    "ndcg_at_10_std": 0.23234604597733538,
    "bridge_recall_at_20": 0.1111111111111111,
    "bridge_recall_at_20_std": 0.3167939755409943,
    "latency_ms": 97.97805933917444,
    "latency_ms_std": 38.86281842438176
  },
  "graph:reified_fact": {
    "recall_at_10": 0.7894179894179895,
    "recall_at_10_std": 0.2538997203357526,
    "recall_at_20": 0.8753968253968254,
    "recall_at_20_std": 0.21166385449950423,
    "mrr": 0.8347883597883597,
    "mrr_std": 0.2962260368033864,
    "ndcg_at_10": 0.7013775446784074,
    "ndcg_at_10_std": 0.2270304268346235,
    "bridge_recall_at_20": 0.14285714285714285,
    "bridge_recall_at_20_std": 0.3527378107513292,
    "latency_ms": 29.14316561220894,
    "latency_ms_std": 16.41346121702022
  }
}