{
  "vanilla_rag:dense_bge_compatible": {
    "recall_at_10": 0.6849206349206349,
    "recall_at_10_std": 0.3042075651648608,
    "recall_at_20": 0.7060846560846561,
    "recall_at_20_std": 0.30364130630888747,
    "mrr": 0.8068783068783069,
    "mrr_std": 0.32372765724144875,
    "ndcg_at_10": 0.6443285614078967,
    "ndcg_at_10_std": 0.26070751231406536,
    "bridge_recall_at_20": 0.14285714285714285,
    "bridge_recall_at_20_std": 0.3527378107513292,
    "latency_ms": 76.30433769719232,
    "latency_ms_std": 39.21922819737916
  },
  "hypergraph:evidence_hypergraph": {
    "recall_at_10": 0.6597883597883598,
    "recall_at_10_std": 0.3004273378212255,
    "recall_at_20": 0.6730158730158731,
    "recall_at_20_std": 0.29365190074658803,
    "mrr": 0.8104686318972033,
    "mrr_std": 0.3197694392417952,
    "ndcg_at_10": 0.6316041818265596,
    "ndcg_at_10_std": 0.25392790828323564,
    "bridge_recall_at_20": 0.1111111111111111,
    "bridge_recall_at_20_std": 0.3167939755409943,
    "latency_ms": 39.097060892908345,
    "latency_ms_std": 40.86610003344201
  },
  "graph:entity_relation": {
    "recall_at_10": 0.7383597883597883,
    "recall_at_10_std": 0.2841801847860686,
    "recall_at_20": 0.8597883597883598,
    "recall_at_20_std": 0.25392324710013386,
    "mrr": 0.8107142857142857,
    "mrr_std": 0.3165054363581132,
    "ndcg_at_10": 0.6626455589590311,
    "ndcg_at_10_std": 0.23068288466498366,
    "bridge_recall_at_20": 0.06349206349206349,
    "bridge_recall_at_20_std": 0.2458045298026051,
    "latency_ms": 113.94739695011623,
    "latency_ms_std": 44.06884212962915
  },
  "graph:reified_fact": {
    "recall_at_10": 0.7978835978835979,
    "recall_at_10_std": 0.2597643690936956,
    "recall_at_20": 0.9259259259259259,
    "recall_at_20_std": 0.19578391684401186,
    "mrr": 0.833994708994709,
    "mrr_std": 0.29882648908835496,
    "ndcg_at_10": 0.7070764131024084,
    "ndcg_at_10_std": 0.22280329185415174,
    "bridge_recall_at_20": 0.2222222222222222,
    "bridge_recall_at_20_std": 0.41907903806247476,
    "latency_ms": 37.4500709511931,
    "latency_ms_std": 52.765759651101774
  }
}