{
  "base:base:vanilla_rag:dense_bge_compatible": {
    "seed_count": 3,
    "recall_at_10_mean": 0.6849206349206349,
    "recall_at_10_std": 0.0,
    "recall_at_10_by_seed": {
      "13": 0.6849206349206349,
      "42": 0.6849206349206349,
      "73": 0.6849206349206349
    },
    "recall_at_20_mean": 0.7060846560846561,
    "recall_at_20_std": 0.0,
    "recall_at_20_by_seed": {
      "13": 0.7060846560846561,
      "42": 0.7060846560846561,
      "73": 0.7060846560846561
    },
    "mrr_mean": 0.8068783068783069,
    "mrr_std": 0.0,
    "mrr_by_seed": {
      "13": 0.8068783068783069,
      "42": 0.8068783068783069,
      "73": 0.8068783068783069
    },
    "ndcg_at_10_mean": 0.6443285614078967,
    "ndcg_at_10_std": 0.0,
    "ndcg_at_10_by_seed": {
      "13": 0.6443285614078967,
      "42": 0.6443285614078967,
      "73": 0.6443285614078967
    },
    "bridge_recall_at_20_mean": 0.14285714285714285,
    "bridge_recall_at_20_std": 0.0,
    "bridge_recall_at_20_by_seed": {
      "13": 0.14285714285714285,
      "42": 0.14285714285714285,
      "73": 0.14285714285714285
    }
  },
  "base:base:hypergraph:evidence_hypergraph": {
    "seed_count": 3,
    "recall_at_10_mean": 0.6639329805996472,
    "recall_at_10_std": 0.006725684291241024,
    "recall_at_10_by_seed": {
      "13": 0.6597883597883598,
      "42": 0.6716931216931217,
      "73": 0.6603174603174603
    },
    "recall_at_20_mean": 0.6850970017636684,
    "recall_at_20_std": 0.025161961488799154,
    "recall_at_20_by_seed": {
      "13": 0.6730158730158731,
      "42": 0.714021164021164,
      "73": 0.6682539682539682
    },
    "mrr_mean": 0.8104182413706223,
    "mrr_std": 0.014210195504363718,
    "mrr_by_seed": {
      "13": 0.8104686318972033,
      "42": 0.7961829176114891,
      "73": 0.8246031746031746
    },
    "ndcg_at_10_mean": 0.6336917391600165,
    "ndcg_at_10_std": 0.0018599999751366047,
    "ndcg_at_10_by_seed": {
      "13": 0.6316041818265596,
      "42": 0.6342982785419636,
      "73": 0.6351727571115262
    },
    "bridge_recall_at_20_mean": 0.07936507936507936,
    "bridge_recall_at_20_std": 0.02749286996141075,
    "bridge_recall_at_20_by_seed": {
      "13": 0.1111111111111111,
      "42": 0.06349206349206349,
      "73": 0.06349206349206349
    }
  },
  "base:base:graph:entity_relation": {
    "seed_count": 3,
    "recall_at_10_mean": 0.7529100529100529,
    "recall_at_10_std": 0.01975288958077791,
    "recall_at_10_by_seed": {
      "13": 0.7383597883597883,
      "42": 0.744973544973545,
      "73": 0.7753968253968254
    },
    "recall_at_20_mean": 0.8619047619047618,
    "recall_at_20_std": 0.009179551096771153,
    "recall_at_20_by_seed": {
      "13": 0.8597883597883598,
      "42": 0.8539682539682539,
      "73": 0.8719576719576719
    },
    "mrr_mean": 0.8162359245692579,
    "mrr_std": 0.0048612843742658314,
    "mrr_by_seed": {
      "13": 0.8107142857142857,
      "42": 0.8198717948717948,
      "73": 0.8181216931216931
    },
    "ndcg_at_10_mean": 0.6731845215072951,
    "ndcg_at_10_std": 0.01275374014829651,
    "ndcg_at_10_by_seed": {
      "13": 0.6626455589590311,
      "42": 0.669545827374814,
      "73": 0.6873621781880402
    },
    "bridge_recall_at_20_mean": 0.08465608465608465,
    "bridge_recall_at_20_std": 0.024246432248443597,
    "bridge_recall_at_20_by_seed": {
      "13": 0.06349206349206349,
      "42": 0.1111111111111111,
      "73": 0.07936507936507936
    }
  },
  "base:base:graph:reified_fact": {
    "seed_count": 3,
    "recall_at_10_mean": 0.7975308641975308,
    "recall_at_10_std": 0.007942384655518633,
    "recall_at_10_by_seed": {
      "13": 0.7978835978835979,
      "42": 0.7894179894179895,
      "73": 0.8052910052910053
    },
    "recall_at_20_mean": 0.9052028218694885,
    "recall_at_20_std": 0.026460757756601287,
    "recall_at_20_by_seed": {
      "13": 0.9259259259259259,
      "42": 0.8753968253968254,
      "73": 0.9142857142857143
    },
    "mrr_mean": 0.8351410934744268,
    "mrr_std": 0.001357566518372207,
    "mrr_by_seed": {
      "13": 0.833994708994709,
      "42": 0.8347883597883597,
      "73": 0.8366402116402116
    },
    "ndcg_at_10_mean": 0.705126358321193,
    "ndcg_at_10_std": 0.00324744906196798,
    "ndcg_at_10_by_seed": {
      "13": 0.7070764131024084,
      "42": 0.7013775446784074,
      "73": 0.7069251171827631
    },
    "bridge_recall_at_20_mean": 0.12169312169312169,
    "bridge_recall_at_20_std": 0.1126126807078982,
    "bridge_recall_at_20_by_seed": {
      "13": 0.2222222222222222,
      "42": 0.14285714285714285,
      "73": 0.0
    }
  },
  "base:tuned:vanilla_rag:dense_bge_compatible": {
    "seed_count": 3,
    "recall_at_10_mean": 0.6849206349206349,
    "recall_at_10_std": 0.0,
    "recall_at_10_by_seed": {
      "13": 0.6849206349206349,
      "42": 0.6849206349206349,
      "73": 0.6849206349206349
    },
    "recall_at_20_mean": 0.7060846560846561,
    "recall_at_20_std": 0.0,
    "recall_at_20_by_seed": {
      "13": 0.7060846560846561,
      "42": 0.7060846560846561,
      "73": 0.7060846560846561
    },
    "mrr_mean": 0.8650793650793651,
    "mrr_std": 0.009164289987136948,
    "mrr_by_seed": {
      "13": 0.8756613756613757,
      "42": 0.8597883597883598,
      "73": 0.8597883597883598
    },
    "ndcg_at_10_mean": 0.6786448706625,
    "ndcg_at_10_std": 0.004200752182651769,
    "ndcg_at_10_by_seed": {
      "13": 0.683320184327479,
      "42": 0.6751881068196673,
      "73": 0.6774263208403537
    },
    "bridge_recall_at_20_mean": 0.14285714285714285,
    "bridge_recall_at_20_std": 0.0,
    "bridge_recall_at_20_by_seed": {
      "13": 0.14285714285714285,
      "42": 0.14285714285714285,
      "73": 0.14285714285714285
    }
  },
  "base:tuned:hypergraph:evidence_hypergraph": {
    "seed_count": 3,
    "recall_at_10_mean": 0.6727513227513228,
    "recall_at_10_std": 0.01757418378861627,
    "recall_at_10_by_seed": {
      "13": 0.665079365079365,
      "42": 0.6928571428571428,
      "73": 0.6603174603174603
    },
    "recall_at_20_mean": 0.6850970017636684,
    "recall_at_20_std": 0.025161961488799154,
    "recall_at_20_by_seed": {
      "13": 0.6730158730158731,
      "42": 0.714021164021164,
      "73": 0.6682539682539682
    },
    "mrr_mean": 0.8573192239858907,
    "mrr_std": 0.011716122525744157,
    "mrr_by_seed": {
      "13": 0.8656084656084656,
      "42": 0.843915343915344,
      "73": 0.8624338624338624
    },
    "ndcg_at_10_mean": 0.6642116406762061,
    "ndcg_at_10_std": 0.0025235919982736464,
    "ndcg_at_10_by_seed": {
      "13": 0.6658548934162345,
      "42": 0.66547407450159,
      "73": 0.6613059541107938
    },
    "bridge_recall_at_20_mean": 0.07936507936507936,
    "bridge_recall_at_20_std": 0.02749286996141075,
    "bridge_recall_at_20_by_seed": {
      "13": 0.1111111111111111,
      "42": 0.06349206349206349,
      "73": 0.06349206349206349
    }
  },
  "base:tuned:graph:entity_relation": {
    "seed_count": 3,
    "recall_at_10_mean": 0.7936507936507936,
    "recall_at_10_std": 0.007949724445141092,
    "recall_at_10_by_seed": {
      "13": 0.7931216931216931,
      "42": 0.785978835978836,
      "73": 0.8018518518518518
    },
    "recall_at_20_mean": 0.8742504409171076,
    "recall_at_20_std": 0.013006979941793497,
    "recall_at_20_by_seed": {
      "13": 0.873015873015873,
      "42": 0.861904761904762,
      "73": 0.8878306878306879
    },
    "mrr_mean": 0.8657554379776602,
    "mrr_std": 0.014063343578960283,
    "mrr_by_seed": {
      "13": 0.858994708994709,
      "42": 0.8819223985890653,
      "73": 0.8563492063492063
    },
    "ndcg_at_10_mean": 0.7261895527376413,
    "ndcg_at_10_std": 0.005099225270575965,
    "ndcg_at_10_by_seed": {
      "13": 0.7224227478954485,
      "42": 0.724153709782303,
      "73": 0.7319922005351724
    },
    "bridge_recall_at_20_mean": 0.08465608465608465,
    "bridge_recall_at_20_std": 0.024246432248443597,
    "bridge_recall_at_20_by_seed": {
      "13": 0.06349206349206349,