{
  "bm25": {
    "recall_at_10": 0.4666666666666667,
    "recall_at_20": 0.4666666666666667,
    "mrr": 0.33,
    "ndcg_at_10": 0.33656152557584795,
    "bridge_recall_at_20": 0.0,
    "latency_ms": 0.4148172680288553
  },
  "dense": {
    "recall_at_10": 0.1,
    "recall_at_20": 0.1,
    "mrr": 0.04,
    "ndcg_at_10": 0.047439542553859244,
    "bridge_recall_at_20": 0.0,
    "latency_ms": 0.22140243090689182
  },
  "bm25+dense": {
    "recall_at_10": 0.4666666666666667,
    "recall_at_20": 0.4666666666666667,
    "mrr": 0.22333333333333333,
    "ndcg_at_10": 0.27237053878507206,
    "bridge_recall_at_20": 0.0,
    "latency_ms": 0.6959668360650539
  },
  "node2vec": {
    "recall_at_10": 0.4,
    "recall_at_20": 0.6,
    "mrr": 0.1553846153846154,
    "ndcg_at_10": 0.22980631064094623,
    "bridge_recall_at_20": 0.0,
    "latency_ms": 60.94415159896016
  },
  "laplacian_eigenmaps": {
    "recall_at_10": 0.3,
    "recall_at_20": 0.4066666666666667,
    "mrr": 0.32967032967032966,
    "ndcg_at_10": 0.2613147192765458,
    "bridge_recall_at_20": 0.0,
    "latency_ms": 6.428515166044235
  },
  "semantic+lap_pe": {
    "recall_at_10": 0.3,
    "recall_at_20": 0.5333333333333333,
    "mrr": 0.23484848484848483,
    "ndcg_at_10": 0.19149890523797233,
    "bridge_recall_at_20": 0.0,
    "latency_ms": 6.297758221626282
  },
  "semantic+ppr": {
    "recall_at_10": 0.3,
    "recall_at_20": 0.5333333333333333,
    "mrr": 0.4181818181818182,
    "ndcg_at_10": 0.3226294385530917,
    "bridge_recall_at_20": 0.0,
    "latency_ms": 5.229765037074685
  },
  "gcn": {
    "recall_at_10": 0.30666666666666664,
    "recall_at_20": 0.48666666666666664,
    "mrr": 0.45,
    "ndcg_at_10": 0.2962656946762226,
    "bridge_recall_at_20": 0.0,
    "latency_ms": 1.8356435932219028
  },
  "graphsage": {
    "recall_at_10": 0.2,
    "recall_at_20": 0.5266666666666666,
    "mrr": 0.2776190476190476,
    "ndcg_at_10": 0.17544306306760984,
    "bridge_recall_at_20": 0.0,
    "latency_ms": 1.529408572241664
  },
  "hypergraph_conv": {
    "recall_at_10": 0.44,
    "recall_at_20": 0.6,
    "mrr": 0.27,
    "ndcg_at_10": 0.3038051820642863,
    "bridge_recall_at_20": 0.0,
    "latency_ms": 0.29217181727290154
  },
  "qmshe": {
    "recall_at_10": 0.37333333333333335,
    "recall_at_20": 0.44,
    "mrr": 0.29047619047619044,
    "ndcg_at_10": 0.23230964083897285,
    "bridge_recall_at_20": 0.0,
    "latency_ms": 6.823269044980407
  }
}