{
  "vanilla_rag:dense_bge_compatible": {
    "recall_at_10": 0.7087301587301588,
    "recall_at_10_std": 0.2889056279368033,
    "recall_at_20": 0.7298941798941799,
    "recall_at_20_std": 0.28652782850326886,
    "mrr": 0.8201058201058201,
    "mrr_std": 0.31223782880966483,
    "ndcg_at_10": 0.6595256952950299,
    "ndcg_at_10_std": 0.24065667312353975,
    "bridge_recall_at_20": 0.1746031746031746,
    "bridge_recall_at_20_std": 0.38267658962604945,
    "latency_ms": 100.1856893463622,
    "latency_ms_std": 37.54878451458389
  },
  "hypergraph:evidence_hypergraph": {
    "recall_at_10": 0.6730158730158731,
    "recall_at_10_std": 0.30303761686467745,
    "recall_at_20": 0.71005291005291,
    "recall_at_20_std": 0.30585006520899816,
    "mrr": 0.8113756613756614,
    "mrr_std": 0.3296819554173782,
    "ndcg_at_10": 0.6328156699623942,
    "ndcg_at_10_std": 0.2502778233215683,
    "bridge_recall_at_20": 0.07936507936507936,
    "bridge_recall_at_20_std": 0.2724789013191783,
    "latency_ms": 43.007341191349994,
    "latency_ms_std": 24.372288349157007
  },
  "graph:entity_relation": {
    "recall_at_10": 0.7423280423280423,
    "recall_at_10_std": 0.25015811123510473,
    "recall_at_20": 0.8513227513227514,
    "recall_at_20_std": 0.2135697108477494,
    "mrr": 0.8332010582010582,
    "mrr_std": 0.29709047618240586,
    "ndcg_at_10": 0.6724735083524946,
    "ndcg_at_10_std": 0.21612955905005818,
    "bridge_recall_at_20": 0.1111111111111111,
    "bridge_recall_at_20_std": 0.3167939755409943,
    "latency_ms": 91.4141927284026,
    "latency_ms_std": 37.65254920324645
  },
  "graph:reified_fact": {
    "recall_at_10": 0.7761904761904762,
    "recall_at_10_std": 0.2692867634754871,
    "recall_at_20": 0.8661375661375661,
    "recall_at_20_std": 0.21253227151048684,
    "mrr": 0.8346440596440596,
    "mrr_std": 0.2965917348092337,
    "ndcg_at_10": 0.6957944311586333,
    "ndcg_at_10_std": 0.2335127428335673,
    "bridge_recall_at_20": 0.15873015873015872,
    "bridge_recall_at_20_std": 0.3683594495540746,
    "latency_ms": 32.05944730767182,
    "latency_ms_std": 45.10982181222769
  }
}