{
  "vanilla_rag:dense_bge_compatible": {
    "recall_at_10": 0.6849206349206349,
    "recall_at_10_std": 0.3042075651648608,
    "recall_at_20": 0.7060846560846561,
    "recall_at_20_std": 0.30364130630888747,
    "mrr": 0.8597883597883598,
    "mrr_std": 0.2811368835950153,
    "ndcg_at_10": 0.6751881068196673,
    "ndcg_at_10_std": 0.25137105234154256,
    "bridge_recall_at_20": 0.14285714285714285,
    "bridge_recall_at_20_std": 0.3527378107513292,
    "latency_ms": 79.75357584285713,
    "latency_ms_std": 41.089128984122695
  },
  "hypergraph:evidence_hypergraph": {
    "recall_at_10": 0.6928571428571428,
    "recall_at_10_std": 0.3006521329861547,
    "recall_at_20": 0.714021164021164,
    "recall_at_20_std": 0.29950984972533734,
    "mrr": 0.843915343915344,
    "mrr_std": 0.30064598293453665,
    "ndcg_at_10": 0.66547407450159,
    "ndcg_at_10_std": 0.2520541072525596,
    "bridge_recall_at_20": 0.06349206349206349,
    "bridge_recall_at_20_std": 0.2458045298026051,
    "latency_ms": 73.06785525990621,
    "latency_ms_std": 43.08321223322676
  },
  "graph:entity_relation": {
    "recall_at_10": 0.785978835978836,
    "recall_at_10_std": 0.2455920786159642,
    "recall_at_20": 0.861904761904762,
    "recall_at_20_std": 0.21449341359390597,
    "mrr": 0.8819223985890653,
    "mrr_std": 0.2414424829532695,
    "ndcg_at_10": 0.724153709782303,
    "ndcg_at_10_std": 0.1940612352635579,
    "bridge_recall_at_20": 0.1111111111111111,
    "bridge_recall_at_20_std": 0.3167939755409943,
    "latency_ms": 129.65490204089926,
    "latency_ms_std": 63.75943625733567
  },
  "graph:reified_fact": {
    "recall_at_10": 0.8092592592592592,
    "recall_at_10_std": 0.2636893227657523,
    "recall_at_20": 0.885978835978836,
    "recall_at_20_std": 0.21137471079120146,
    "mrr": 0.8895382395382395,
    "mrr_std": 0.2379425536512258,
    "ndcg_at_10": 0.7473592611530082,
    "ndcg_at_10_std": 0.21089857736249767,
    "bridge_recall_at_20": 0.14285714285714285,
    "bridge_recall_at_20_std": 0.3527378107513292,
    "latency_ms": 35.090283856594134,
    "latency_ms_std": 18.1870963504235
  }
}