{
  "graph:reified_fact": {
    "recall_at_10": {
      "stage_a_only": 0.008410493827160526,
      "stage_b_only": 0.0018325617283950768,
      "joint": 0.011304012345679126,
      "interaction": 0.001060956790123524
    },
    "recall_at_20": {
      "stage_a_only": 0.010513117283950546,
      "stage_b_only": 0.0009645061728394966,
      "joint": 0.01475694444444442,
      "interaction": 0.003279320987654377
    },
    "complete_at_20": {
      "stage_a_only": 0.02083333333333326,
      "stage_b_only": 0.0011574074074073293,
      "joint": 0.03240740740740733,
      "interaction": 0.01041666666666674
    },
    "mrr": {
      "stage_a_only": -0.0029554446815046598,
      "stage_b_only": -0.0013599000715228682,
      "joint": -0.003970083977393957,
      "interaction": 0.00034526077563357127
    }
  },
  "hypergraph:evidence_hypergraph": {
    "recall_at_10": {
      "stage_a_only": 0.11186342592592591,
      "stage_b_only": 0.03211805555555547,
      "joint": 0.11959876543209869,
      "interaction": -0.02438271604938269
    },
    "recall_at_20": {
      "stage_a_only": 0.14047067901234567,
      "stage_b_only": 0.03559027777777768,
      "joint": 0.15785108024691363,
      "interaction": -0.018209876543209713
    },
    "complete_at_20": {
      "stage_a_only": 0.2280092592592593,
      "stage_b_only": 0.05208333333333337,
      "joint": 0.26041666666666663,
      "interaction": -0.01967592592592604
    },
    "mrr": {
      "stage_a_only": 0.018593510027172355,
      "stage_b_only": 0.015361199101147971,
      "joint": 0.018206830734243118,
      "interaction": -0.015747878394077208
    }
  },
  "graph:entity_relation": {
    "recall_at_10": {
      "stage_a_only": 0.059587191358024705,
      "stage_b_only": -0.002700617283950657,
      "joint": 0.05891203703703707,
      "interaction": 0.0020254629629630205
    },
    "recall_at_20": {
      "stage_a_only": 0.0708140432098765,
      "stage_b_only": -0.001350308641975273,
      "joint": 0.07094907407407403,
      "interaction": 0.0014853395061728003
    },
    "complete_at_20": {
      "stage_a_only": 0.14004629629629628,
      "stage_b_only": -0.0011574074074074403,
      "joint": 0.1377314814814815,
      "interaction": -0.0011574074074073293
    },
    "mrr": {
      "stage_a_only": 0.016198401007428753,
      "stage_b_only": 0.0025016281176675204,
      "joint": 0.017761009075347278,
      "interaction": -0.0009390200497489953
    }
  }
}