{
  "hypergraph:evidence_hypergraph:A0B0": {
    "seed_count": 3,
    "recall_at_5_mean": 0.6349344135802469,
    "recall_at_5_std": 0.018921605303898498,
    "recall_at_10_mean": 0.6805555555555556,
    "recall_at_10_std": 0.025296634259543534,
    "recall_at_20_mean": 0.6950617283950618,
    "recall_at_20_std": 0.028710722739224464,
    "recall_at_30_mean": 0.6957368827160494,
    "recall_at_30_std": 0.02960714735276648,
    "recall_at_40_mean": 0.6957368827160494,
    "recall_at_40_std": 0.02960714735276648,
    "hit_at_10_mean": 0.9421296296296297,
    "hit_at_10_std": 0.0072280069425907124,
    "complete_at_20_mean": 0.4375,
    "complete_at_20_std": 0.04433036574584618,
    "complete_at_40_mean": 0.43865740740740744,
    "complete_at_40_std": 0.045845607223005465,
    "mrr_mean": 0.7974554134002233,
    "mrr_std": 0.0030282670209859554,
    "ndcg_at_10_mean": 0.6421652223825584,
    "ndcg_at_10_std": 0.012527464220988096
  },
  "graph:entity_relation:A0B0": {
    "seed_count": 3,
    "recall_at_5_mean": 0.7092978395061729,
    "recall_at_5_std": 0.0177083648531149,
    "recall_at_10_mean": 0.8131944444444444,
    "recall_at_10_std": 0.022410707210350066,
    "recall_at_20_mean": 0.8865933641975309,
    "recall_at_20_std": 0.030247184231278385,
    "recall_at_30_mean": 0.902121913580247,
    "recall_at_30_std": 0.02918298598541293,
    "recall_at_40_mean": 0.9055362654320988,
    "recall_at_40_std": 0.02947104127696089,
    "hit_at_10_mean": 0.9861111111111112,
    "hit_at_10_std": 0.006944444444444475,
    "complete_at_20_mean": 0.7581018518518519,
    "complete_at_20_std": 0.06233904171062608,
    "complete_at_40_mean": 0.7974537037037037,
    "complete_at_40_std": 0.0636784477012913,
    "mrr_mean": 0.8185013160707605,
    "mrr_std": 0.007813240623161891,
    "ndcg_at_10_mean": 0.715873211142483,
    "ndcg_at_10_std": 0.01552682107842544
  },
  "graph:reified_fact:A0B0": {
    "seed_count": 3,
    "recall_at_5_mean": 0.7437307098765432,
    "recall_at_5_std": 0.004557207462968971,
    "recall_at_10_mean": 0.8566550925925925,
    "recall_at_10_std": 0.012850480275901374,
    "recall_at_20_mean": 0.9361304012345679,
    "recall_at_20_std": 0.012278114331993242,
    "recall_at_30_mean": 0.959375,
    "recall_at_30_std": 0.01615516456761709,
    "recall_at_40_mean": 0.9638117283950617,
    "recall_at_40_std": 0.018540598574760248,
    "hit_at_10_mean": 0.9965277777777778,
    "hit_at_10_std": 0.0,
    "complete_at_20_mean": 0.8530092592592593,
    "complete_at_20_std": 0.023119194855831273,
    "complete_at_40_mean": 0.9155092592592593,
    "complete_at_40_std": 0.04142483835225295,
    "mrr_mean": 0.8362088617890884,
    "mrr_std": 0.003114834919677699,
    "ndcg_at_10_mean": 0.7487371460602137,
    "ndcg_at_10_std": 0.0067859749622708205
  },
  "hypergraph:evidence_hypergraph:A1B0": {
    "seed_count": 3,
    "recall_at_5_mean": 0.6975694444444445,
    "recall_at_5_std": 0.006226109603978604,
    "recall_at_10_mean": 0.7924189814814815,
    "recall_at_10_std": 0.00428201637353843,
    "recall_at_20_mean": 0.8355324074074074,
    "recall_at_20_std": 0.010323821050295891,
    "recall_at_30_mean": 0.8370756172839506,
    "recall_at_30_std": 0.010041523746201026,
    "recall_at_40_mean": 0.8370756172839506,
    "recall_at_40_std": 0.010041523746201026,
    "hit_at_10_mean": 0.9814814814814815,
    "hit_at_10_std": 0.005303907054347067,
    "complete_at_20_mean": 0.6655092592592593,
    "complete_at_20_std": 0.0197438913301296,
    "complete_at_40_mean": 0.6678240740740741,
    "complete_at_40_std": 0.017818060553635013,
    "mrr_mean": 0.8160489234273957,
    "mrr_std": 0.009468635368797045,
    "ndcg_at_10_mean": 0.7049605159438049,
    "ndcg_at_10_std": 0.0054458658393665435
  },
  "graph:entity_relation:A1B0": {
    "seed_count": 3,
    "recall_at_5_mean": 0.7514274691358025,
    "recall_at_5_std": 0.0038204672685838367,
    "recall_at_10_mean": 0.8727816358024691,
    "recall_at_10_std": 0.004115854223254593,
    "recall_at_20_mean": 0.9574074074074074,
    "recall_at_20_std": 0.0007040234410066872,
    "recall_at_30_mean": 0.9847993827160494,
    "recall_at_30_std": 0.0017373966433946993,
    "recall_at_40_mean": 0.9930941358024691,
    "recall_at_40_std": 0.00319145167556077,
    "hit_at_10_mean": 1.0,
    "hit_at_10_std": 0.0,
    "complete_at_20_mean": 0.8981481481481481,
    "complete_at_20_std": 0.004009376869372387,
    "complete_at_40_mean": 0.9826388888888888,
    "complete_at_40_std": 0.006944444444444475,
    "mrr_mean": 0.8346997170781892,
    "mrr_std": 0.002843418071517263,
    "ndcg_at_10_mean": 0.7550942283419573,
    "ndcg_at_10_std": 0.0033386363143246773
  },
  "graph:reified_fact:A1B0": {
    "seed_count": 3,
    "recall_at_5_mean": 0.7530671296296296,
    "recall_at_5_std": 0.0017600586025168959,
    "recall_at_10_mean": 0.8650655864197531,
    "recall_at_10_std": 0.004429383681792063,
    "recall_at_20_mean": 0.9466435185185185,
    "recall_at_20_std": 0.0037948139608229062,
    "recall_at_30_mean": 0.9756751543209876,
    "recall_at_30_std": 0.0028103399468235564,
    "recall_at_40_mean": 0.9817515432098766,
    "recall_at_40_std": 0.004176434238929575,
    "hit_at_10_mean": 0.9965277777777778,
    "hit_at_10_std": 0.00347222222222221,
    "complete_at_20_mean": 0.8738425925925926,
    "complete_at_20_std": 0.004009376869372387,
    "complete_at_40_mean": 0.9513888888888888,
    "complete_at_40_std": 0.0060140653040586444,
    "mrr_mean": 0.8332534171075837,
    "mrr_std": 0.0013036010175168197,
    "ndcg_at_10_mean": 0.7514572632736115,
    "ndcg_at_10_std": 0.002471762320089047
  },
  "hypergraph:evidence_hypergraph:A0B1": {
    "seed_count": 3,
    "recall_at_5_mean": 0.6558641975308642,
    "recall_at_5_std": 0.005954277129759317,
    "recall_at_10_mean": 0.712673611111111,
    "recall_at_10_std": 0.016150810662520457,
    "recall_at_20_mean": 0.7306520061728394,
    "recall_at_20_std": 0.022200007382638626,
    "recall_at_30_mean": 0.7313271604938272,
    "recall_at_30_std": 0.0229042659973496,
    "recall_at_40_mean": 0.7313271604938272,
    "recall_at_40_std": 0.0229042659973496,
    "hit_at_10_mean": 0.9594907407407407,
    "hit_at_10_std": 0.007228006942590775,
    "complete_at_20_mean": 0.48958333333333337,
    "complete_at_20_std": 0.03674654598700821,
    "complete_at_40_mean": 0.49074074074074076,
    "complete_at_40_std": 0.038089080259037816,
    "mrr_mean": 0.8128166125013713,
    "mrr_std": 0.008394609631403819,
    "ndcg_at_10_mean": 0.6631132329973479,
    "ndcg_at_10_std": 0.011098890322990876
  },
  "graph:entity_relation:A0B1": {
    "seed_count": 3,
    "recall_at_5_mean": 0.7089120370370371,
    "recall_at_5_std": 0.015978196849543377,
    "recall_at_10_mean": 0.8104938271604938,
    "recall_at_10_std": 0.018425087416555967,
    "recall_at_20_mean": 0.8852430555555556,
    "recall_at_20_std": 0.022974755689788854,
    "recall_at_30_mean": 0.9010609567901234,
    "recall_at_30_std": 0.023410716673439035,
    "recall_at_40_mean": 0.9044753086419753,
    "recall_at_40_std": 0.02462860799334994,
    "hit_at_10_mean": 0.9849537037037037,
    "hit_at_10_std": 0.008738234300081913,
    "complete_at_20_mean": 0.7569444444444444,
    "complete_at_20_std": 0.053454181660905084,
    "complete_at_40_mean": 0.7951388888888888,
    "complete_at_40_std": 0.0568427275824476,
    "mrr_mean": 0.821002944188428,
    "mrr_std": 0.006684404574391939,
    "ndcg_at_10_mean": 0.7155113019116941,
    "ndcg_at_10_std": 0.011853369217213515
  },
  "graph:reified_fact:A0B1": {
    "seed_count": 3,
    "recall_at_5_mean": 0.7445023148148148,
    "recall_at_5_std": 0.003902711875020216,
    "recall_at_10_mean": 0.8584876543209876,
    "recall_at_10_std": 0.011703176570895871,
    "recall_at_20_mean": 0.9370949074074074,
    "recall_at_20_std": 0.014082965979149807,
    "recall_at_30_mean": 0.9609182098765432,
    "recall_at_30_std": 0.015421594129220097,
    "recall_at_40_mean": 0.9653549382716049,