{
  "vanilla_rag:dense_bge_compatible": {
    "recall_at_10": 0.7087301587301588,
    "recall_at_10_std": 0.2889056279368033,
    "recall_at_20": 0.7298941798941799,
    "recall_at_20_std": 0.28652782850326886,
    "mrr": 0.8201058201058201,
    "mrr_std": 0.31223782880966483,
    "ndcg_at_10": 0.6595256952950299,
    "ndcg_at_10_std": 0.24065667312353975,
    "bridge_recall_at_20": 0.1746031746031746,
    "bridge_recall_at_20_std": 0.38267658962604945,
    "latency_ms": 93.40698592409137,
    "latency_ms_std": 33.356115850213165
  },
  "hypergraph:evidence_hypergraph": {
    "recall_at_10": 0.717989417989418,
    "recall_at_10_std": 0.28718603843979845,
    "recall_at_20": 0.7312169312169312,
    "recall_at_20_std": 0.2836729789596894,
    "mrr": 0.8312169312169312,
    "mrr_std": 0.29400357298398305,
    "ndcg_at_10": 0.6684635665341628,
    "ndcg_at_10_std": 0.23279320273845389,
    "bridge_recall_at_20": 0.12698412698412698,
    "bridge_recall_at_20_std": 0.3356295717325918,
    "latency_ms": 27.90459530014131,
    "latency_ms_std": 20.372035420548908
  },
  "graph:entity_relation": {
    "recall_at_10": 0.7330687830687831,
    "recall_at_10_std": 0.2886051621801413,
    "recall_at_20": 0.8492063492063492,
    "recall_at_20_std": 0.2548178872409904,
    "mrr": 0.8115079365079365,
    "mrr_std": 0.315008493127483,
    "ndcg_at_10": 0.6603092596219217,
    "ndcg_at_10_std": 0.23155880439222773,
    "bridge_recall_at_20": 0.047619047619047616,
    "bridge_recall_at_20_std": 0.2146693953705459,
    "latency_ms": 110.9535125719886,
    "latency_ms_std": 42.932703695205035
  },
  "graph:reified_fact": {
    "recall_at_10": 0.7978835978835979,
    "recall_at_10_std": 0.2597643690936956,
    "recall_at_20": 0.9259259259259259,
    "recall_at_20_std": 0.19578391684401186,
    "mrr": 0.833994708994709,
    "mrr_std": 0.29882648908835496,
    "ndcg_at_10": 0.7070764131024084,
    "ndcg_at_10_std": 0.22280329185415174,
    "bridge_recall_at_20": 0.1746031746031746,
    "bridge_recall_at_20_std": 0.38267658962604945,
    "latency_ms": 42.973806575265904,
    "latency_ms_std": 64.52532021330313
  }
}