{
  "vanilla_rag:dense_bge_compatible": {
    "recall_at_10": 0.7087301587301588,
    "recall_at_10_std": 0.2889056279368033,
    "recall_at_20": 0.7298941798941799,
    "recall_at_20_std": 0.28652782850326886,
    "mrr": 0.8743386243386243,
    "mrr_std": 0.2621906847481168,
    "ndcg_at_10": 0.6890162460535729,
    "ndcg_at_10_std": 0.22672710993265044,
    "bridge_recall_at_20": 0.1746031746031746,
    "bridge_recall_at_20_std": 0.38267658962604945,
    "latency_ms": 104.26207513932789,
    "latency_ms_std": 51.52056738212946
  },
  "hypergraph:evidence_hypergraph": {
    "recall_at_10": 0.6888888888888889,
    "recall_at_10_std": 0.30669062552504966,
    "recall_at_20": 0.71005291005291,
    "recall_at_20_std": 0.30585006520899816,
    "mrr": 0.843915343915344,
    "mrr_std": 0.30064598293453665,
    "ndcg_at_10": 0.6584854484519281,
    "ndcg_at_10_std": 0.24554136566000082,
    "bridge_recall_at_20": 0.07936507936507936,
    "bridge_recall_at_20_std": 0.2724789013191783,
    "latency_ms": 77.07564476951366,
    "latency_ms_std": 43.43225993166892
  },
  "graph:entity_relation": {
    "recall_at_10": 0.785978835978836,
    "recall_at_10_std": 0.2455920786159642,
    "recall_at_20": 0.8671957671957672,
    "recall_at_20_std": 0.21370951908631172,
    "mrr": 0.888095238095238,
    "mrr_std": 0.225887904992985,
    "ndcg_at_10": 0.7269580631047733,
    "ndcg_at_10_std": 0.1918874599661036,
    "bridge_recall_at_20": 0.1111111111111111,
    "bridge_recall_at_20_std": 0.3167939755409943,
    "latency_ms": 136.51614631747915,
    "latency_ms_std": 59.89818641896031
  },
  "graph:reified_fact": {
    "recall_at_10": 0.803968253968254,
    "recall_at_10_std": 0.26314397516208976,
    "recall_at_20": 0.8687830687830688,
    "recall_at_20_std": 0.21731689164282206,
    "mrr": 0.8894179894179894,
    "mrr_std": 0.23835422848665686,
    "ndcg_at_10": 0.744279406156667,
    "ndcg_at_10_std": 0.20933204149714923,
    "bridge_recall_at_20": 0.15873015873015872,
    "bridge_recall_at_20_std": 0.3683594495540746,
    "latency_ms": 39.83607734479602,
    "latency_ms_std": 24.38211552148
  }
}