{
  "mode": "graph",
  "profile": "entity_relation",
  "seed": 73,
  "train_examples": 362,
  "validation_examples": 75,
  "input_dim": 1024,
  "roles": [],
  "loss_history": [
    3.903747953104051,
    3.3281755811272404,
    3.0266146605515347
  ],
  "validation_history": [
    {
      "epoch": 1.0,
      "recall_at_20": 0.4722222222222222,
      "mrr": 0.198765949141129
    },
    {
      "epoch": 2.0,
      "recall_at_20": 0.44555555555555554,
      "mrr": 0.22300503650415518
    },
    {
      "epoch": 3.0,
      "recall_at_20": 0.47333333333333333,
      "mrr": 0.24843253988447997
    }
  ],
  "selected_epoch": 3,
  "elapsed_seconds": 102.72044689813629,
  "device": "cuda"
}