{
  "mode": "graph",
  "profile": "reified_fact",
  "seed": 73,
  "train_examples": 362,
  "validation_examples": 75,
  "input_dim": 1024,
  "roles": [],
  "loss_history": [
    5.794145390802984,
    4.764308476974951,
    4.513717811739906
  ],
  "validation_history": [
    {
      "epoch": 1.0,
      "recall_at_20": 0.5944444444444444,
      "mrr": 0.32056175236136003
    },
    {
      "epoch": 2.0,
      "recall_at_20": 0.6044444444444445,
      "mrr": 0.3394636335383832
    },
    {
      "epoch": 3.0,
      "recall_at_20": 0.6311111111111111,
      "mrr": 0.3583826896869832
    }
  ],
  "selected_epoch": 3,
  "elapsed_seconds": 149.39516543992795,
  "device": "cuda"
}