{
  "mode": "graph",
  "profile": "reified_fact",
  "seed": 13,
  "train_examples": 362,
  "validation_examples": 75,
  "input_dim": 1024,
  "roles": [],
  "loss_history": [
    5.775263437250042,
    4.749341031464424,
    4.514354972549565
  ],
  "validation_history": [
    {
      "epoch": 1.0,
      "recall_at_20": 0.5844444444444444,
      "mrr": 0.3219234220201959
    },
    {
      "epoch": 2.0,
      "recall_at_20": 0.6177777777777778,
      "mrr": 0.35673718854988035
    },
    {
      "epoch": 3.0,
      "recall_at_20": 0.6155555555555555,
      "mrr": 0.36420112635690377
    }
  ],
  "selected_epoch": 2,
  "elapsed_seconds": 142.12059794808738,
  "device": "cuda"
}