{
  "mode": "graph",
  "profile": "entity_relation",
  "seed": 42,
  "train_examples": 362,
  "validation_examples": 75,
  "input_dim": 1024,
  "roles": [],
  "loss_history": [
    3.8915351933866575,
    3.349709204053352,
    3.0240242193087687
  ],
  "validation_history": [
    {
      "epoch": 1.0,
      "recall_at_20": 0.47444444444444445,
      "mrr": 0.18565552262533164
    },
    {
      "epoch": 2.0,
      "recall_at_20": 0.44666666666666666,
      "mrr": 0.19978633141795007
    },
    {
      "epoch": 3.0,
      "recall_at_20": 0.48444444444444446,
      "mrr": 0.2261772422286237
    }
  ],
  "selected_epoch": 3,
  "elapsed_seconds": 102.46197707694955,
  "device": "cuda"
}