{
  "mode": "graph",
  "profile": "entity_relation",
  "seed": 42,
  "train_examples": 362,
  "validation_examples": 75,
  "trainable_parameters": 1179648,
  "total_parameters": 568934400,
  "loss_history": [
    1.2348931731440085,
    1.2096513700748674,
    1.22863193374971
  ],
  "validation_history": [
    {
      "epoch": 1.0,
      "recall_at_20": 0.4811111111111111,
      "mrr": 0.24701978981979456
    },
    {
      "epoch": 2.0,
      "recall_at_20": 0.4955555555555555,
      "mrr": 0.2305162413049373
    },
    {
      "epoch": 3.0,
      "recall_at_20": 0.5022222222222222,
      "mrr": 0.23115323892573714
    }
  ],
  "selected_epoch": 3,
  "recall_at_20_before": 0.48444444444444446,
  "recall_at_20_after": 0.5022222222222222,
  "mrr_before": 0.2261772422286237,
  "mrr_after": 0.23115323892573714,
  "elapsed_seconds": 110.03228604607284,
  "peak_gpu_memory_mb": 4444.4267578125,
  "dataset_sha256": "127e2a4ea1c959ff8009de2a2ed7521fc3d8165becf44a436142572524466672",
  "device": "cuda"
}