{
  "mode": "graph",
  "profile": "reified_fact",
  "seed": 42,
  "train_examples": 362,
  "validation_examples": 75,
  "input_dim": 1024,
  "roles": [],
  "loss_history": [
    5.772123293652719,
    4.752575714943817,
    4.514813428425657
  ],
  "validation_history": [
    {
      "epoch": 1.0,
      "recall_at_20": 0.5911111111111111,
      "mrr": 0.32394303051855594
    },
    {
      "epoch": 2.0,
      "recall_at_20": 0.6211111111111111,
      "mrr": 0.33894635808715695
    },
    {
      "epoch": 3.0,
      "recall_at_20": 0.6144444444444445,
      "mrr": 0.34393450624370175
    }
  ],
  "selected_epoch": 2,
  "elapsed_seconds": 134.0891955171246,
  "device": "cuda"
}