{
  "mode": "graph",
  "profile": "entity_relation",
  "seed": 13,
  "train_examples": 362,
  "validation_examples": 75,
  "input_dim": 1024,
  "roles": [],
  "loss_history": [
    3.889852818369207,
    3.3337606352995772,
    3.044818818075222
  ],
  "validation_history": [
    {
      "epoch": 1.0,
      "recall_at_20": 0.4677777777777778,
      "mrr": 0.200210103668821
    },
    {
      "epoch": 2.0,
      "recall_at_20": 0.45,
      "mrr": 0.20380042097950135
    },
    {
      "epoch": 3.0,
      "recall_at_20": 0.46444444444444444,
      "mrr": 0.2507816688958237
    }
  ],
  "selected_epoch": 1,
  "elapsed_seconds": 118.82325389306061,
  "device": "cuda"
}