{
  "vanilla_rag:dense_bge_compatible": {
    "recall_at_5": 0.6611111111111111,
    "recall_at_5_std": 0.2980221540440832,
    "recall_at_10": 0.6849206349206349,
    "recall_at_10_std": 0.3042075651648608,
    "recall_at_20": 0.7060846560846561,
    "recall_at_20_std": 0.30364130630888747,
    "recall_at_30": 0.7060846560846561,
    "recall_at_30_std": 0.30364130630888747,
    "recall_at_40": 0.7060846560846561,
    "recall_at_40_std": 0.30364130630888747,
    "precision_at_5": 0.2984126984126984,
    "precision_at_5_std": 0.13853154234053083,
    "precision_at_10": 0.15555555555555556,
    "precision_at_10_std": 0.0757282445662753,
    "precision_at_20": 0.08015873015873017,
    "precision_at_20_std": 0.03760971320541747,
    "precision_at_30": 0.05343915343915344,
    "precision_at_30_std": 0.02507314213694498,
    "precision_at_40": 0.04007936507936508,
    "precision_at_40_std": 0.018804856602708735,
    "hit_at_5": 0.9523809523809523,
    "hit_at_5_std": 0.2146693953705459,
    "hit_at_10": 0.9523809523809523,
    "hit_at_10_std": 0.2146693953705459,
    "hit_at_20": 0.9523809523809523,
    "hit_at_20_std": 0.2146693953705459,
    "hit_at_30": 0.9523809523809523,
    "hit_at_30_std": 0.2146693953705459,
    "hit_at_40": 0.9523809523809523,
    "hit_at_40_std": 0.2146693953705459,
    "complete_at_5": 0.38095238095238093,
    "complete_at_5_std": 0.48952153824477423,
    "complete_at_10": 0.42857142857142855,
    "complete_at_10_std": 0.49884659592632397,
    "complete_at_20": 0.4603174603174603,
    "complete_at_20_std": 0.5024262688772971,
    "complete_at_30": 0.4603174603174603,
    "complete_at_30_std": 0.5024262688772971,
    "complete_at_40": 0.4603174603174603,
    "complete_at_40_std": 0.5024262688772971,
    "mrr": 0.8597883597883598,
    "mrr_std": 0.2811368835950153,
    "ndcg_at_10": 0.6774263208403537,
    "ndcg_at_10_std": 0.25443142610773833,
    "bridge_recall_at_20": 0.14285714285714285,
    "bridge_recall_at_20_std": 0.3527378107513292,
    "latency_ms": 118.49560386072548,
    "latency_ms_std": 92.81327324349903
  },
  "hypergraph:evidence_hypergraph": {
    "recall_at_5": 0.6351851851851852,
    "recall_at_5_std": 0.3075820709766749,
    "recall_at_10": 0.6603174603174603,
    "recall_at_10_std": 0.31005301563416576,
    "recall_at_20": 0.6682539682539682,
    "recall_at_20_std": 0.31227449620982967,
    "recall_at_30": 0.6682539682539682,
    "recall_at_30_std": 0.31227449620982967,
    "recall_at_40": 0.6682539682539682,
    "recall_at_40_std": 0.31227449620982967,
    "precision_at_5": 0.28571428571428575,
    "precision_at_5_std": 0.13779033026742976,
    "precision_at_10": 0.1492063492063492,
    "precision_at_10_std": 0.07155646512351531,
    "precision_at_20": 0.0753968253968254,
    "precision_at_20_std": 0.035778232561757654,
    "precision_at_30": 0.05026455026455026,
    "precision_at_30_std": 0.023852155041171767,
    "precision_at_40": 0.0376984126984127,
    "precision_at_40_std": 0.017889116280878827,
    "hit_at_5": 0.9365079365079365,
    "hit_at_5_std": 0.2458045298026051,
    "hit_at_10": 0.9365079365079365,
    "hit_at_10_std": 0.2458045298026051,
    "hit_at_20": 0.9365079365079365,
    "hit_at_20_std": 0.2458045298026051,
    "hit_at_30": 0.9365079365079365,
    "hit_at_30_std": 0.2458045298026051,
    "hit_at_40": 0.9365079365079365,
    "hit_at_40_std": 0.2458045298026051,
    "complete_at_5": 0.36507936507936506,
    "complete_at_5_std": 0.4853195588936754,
    "complete_at_10": 0.3968253968253968,
    "complete_at_10_std": 0.4931689018948893,
    "complete_at_20": 0.4126984126984127,
    "complete_at_20_std": 0.4962738784348766,
    "complete_at_30": 0.4126984126984127,
    "complete_at_30_std": 0.4962738784348766,
    "complete_at_40": 0.4126984126984127,
    "complete_at_40_std": 0.4962738784348766,
    "mrr": 0.8624338624338624,
    "mrr_std": 0.29105493843275615,
    "ndcg_at_10": 0.6613059541107938,
    "ndcg_at_10_std": 0.25308972066673396,
    "bridge_recall_at_20": 0.06349206349206349,
    "bridge_recall_at_20_std": 0.2458045298026051,
    "latency_ms": 83.97519461337536,
    "latency_ms_std": 70.38896398826347
  },
  "graph:entity_relation": {
    "recall_at_5": 0.7365079365079366,
    "recall_at_5_std": 0.28476641284082727,
    "recall_at_10": 0.8018518518518518,
    "recall_at_10_std": 0.27227159233389564,
    "recall_at_20": 0.8878306878306879,
    "recall_at_20_std": 0.24061611384153028,
    "recall_at_30": 0.8931216931216931,
    "recall_at_30_std": 0.23933590394272966,
    "recall_at_40": 0.8931216931216931,
    "recall_at_40_std": 0.23933590394272966,
    "precision_at_5": 0.33650793650793653,
    "precision_at_5_std": 0.138309595801718,
    "precision_at_10": 0.18571428571428572,
    "precision_at_10_std": 0.07589709258986453,
    "precision_at_20": 0.10396825396825397,
    "precision_at_20_std": 0.040462634397503985,
    "precision_at_30": 0.06984126984126984,
    "precision_at_30_std": 0.02724789013191783,
    "precision_at_40": 0.05238095238095238,
    "precision_at_40_std": 0.020435917598938372,
    "hit_at_5": 0.9682539682539683,
    "hit_at_5_std": 0.17673143177130224,
    "hit_at_10": 0.9682539682539683,
    "hit_at_10_std": 0.17673143177130224,
    "hit_at_20": 0.9682539682539683,
    "hit_at_20_std": 0.17673143177130224,
    "hit_at_30": 0.9682539682539683,
    "hit_at_30_std": 0.17673143177130224,
    "hit_at_40": 0.9682539682539683,
    "hit_at_40_std": 0.17673143177130224,
    "complete_at_5": 0.49206349206349204,
    "complete_at_5_std": 0.5039526306789697,
    "complete_at_10": 0.6031746031746031,
    "complete_at_10_std": 0.4931689018948893,
    "complete_at_20": 0.7936507936507936,
    "complete_at_20_std": 0.4079346152039785,
    "complete_at_30": 0.8095238095238095,
    "complete_at_30_std": 0.3958308068477864,
    "complete_at_40": 0.8095238095238095,
    "complete_at_40_std": 0.3958308068477864,
    "mrr": 0.8563492063492063,
    "mrr_std": 0.27393371924551846,
    "ndcg_at_10": 0.7319922005351724,
    "ndcg_at_10_std": 0.2393312185689284,
    "bridge_recall_at_20": 0.07936507936507936,
    "bridge_recall_at_20_std": 0.2724789013191783,
    "latency_ms": 210.55582373048225,
    "latency_ms_std": 157.2005100354957
  },
  "graph:reified_fact": {
    "recall_at_5": 0.7431216931216931,
    "recall_at_5_std": 0.25928345777396467,
    "recall_at_10": 0.8441798941798941,
    "recall_at_10_std": 0.22544576969441432,
    "recall_at_20": 0.9328042328042327,
    "recall_at_20_std": 0.15912980922036962,
    "recall_at_30": 0.9592592592592593,
    "recall_at_30_std": 0.12874420256209312,
    "recall_at_40": 0.9671957671957672,
    "recall_at_40_std": 0.11461202491098316,
    "precision_at_5": 0.33650793650793653,
    "precision_at_5_std": 0.12352561090275622,
    "precision_at_10": 0.19365079365079366,
    "precision_at_10_std": 0.06444055994083998,
    "precision_at_20": 0.10793650793650794,
    "precision_at_20_std": 0.032634769216318284,
    "precision_at_30": 0.07407407407407407,
    "precision_at_30_std": 0.021119598369399622,
    "precision_at_40": 0.055952380952380955,
    "precision_at_40_std": 0.015367989953386008,
    "hit_at_5": 1.0,
    "hit_at_5_std": 0.0,
    "hit_at_10": 1.0,
    "hit_at_10_std": 0.0,
    "hit_at_20": 1.0,
    "hit_at_20_std": 0.0,
    "hit_at_30": 1.0,
    "hit_at_30_std": 0.0,
    "hit_at_40": 1.0,
    "hit_at_40_std": 0.0,
    "complete_at_5": 0.47619047619047616,
    "complete_at_5_std": 0.5034443575988877,
    "complete_at_10": 0.6507936507936508,
    "complete_at_10_std": 0.48054841516113245,
    "complete_at_20": 0.8412698412698413,
    "complete_at_20_std": 0.3683594495540746,
    "complete_at_30": 0.9047619047619048,
    "complete_at_30_std": 0.29590134113693356,
    "complete_at_40": 0.9206349206349206,
    "complete_at_40_std": 0.2724789013191783,
    "mrr": 0.888095238095238,
    "mrr_std": 0.225887904992985,
    "ndcg_at_10": 0.764538032415213,
    "ndcg_at_10_std": 0.19067057756403438,