{
  "vanilla_rag:dense_bge_compatible": {
    "recall_at_5": 0.6743386243386243,
    "recall_at_5_std": 0.2911296961348219,
    "recall_at_10": 0.7087301587301588,
    "recall_at_10_std": 0.2889056279368033,
    "recall_at_20": 0.7298941798941799,
    "recall_at_20_std": 0.28652782850326886,
    "recall_at_30": 0.7298941798941799,
    "recall_at_30_std": 0.28652782850326886,
    "recall_at_40": 0.7298941798941799,
    "recall_at_40_std": 0.28652782850326886,
    "precision_at_5": 0.3047619047619048,
    "precision_at_5_std": 0.13371680646723968,
    "precision_at_10": 0.1619047619047619,
    "precision_at_10_std": 0.07279793383405131,
    "precision_at_20": 0.08333333333333334,
    "precision_at_20_std": 0.03592106040535498,
    "precision_at_30": 0.05555555555555555,
    "precision_at_30_std": 0.023947373603569987,
    "precision_at_40": 0.04166666666666667,
    "precision_at_40_std": 0.01796053020267749,
    "hit_at_5": 0.9682539682539683,
    "hit_at_5_std": 0.17673143177130224,
    "hit_at_10": 0.9682539682539683,
    "hit_at_10_std": 0.17673143177130224,
    "hit_at_20": 0.9682539682539683,
    "hit_at_20_std": 0.17673143177130224,
    "hit_at_30": 0.9682539682539683,
    "hit_at_30_std": 0.17673143177130224,
    "hit_at_40": 0.9682539682539683,
    "hit_at_40_std": 0.17673143177130224,
    "complete_at_5": 0.3968253968253968,
    "complete_at_5_std": 0.4931689018948893,
    "complete_at_10": 0.4444444444444444,
    "complete_at_10_std": 0.5008952558646071,
    "complete_at_20": 0.47619047619047616,
    "complete_at_20_std": 0.5034443575988877,
    "complete_at_30": 0.47619047619047616,
    "complete_at_30_std": 0.5034443575988877,
    "complete_at_40": 0.47619047619047616,
    "complete_at_40_std": 0.5034443575988877,
    "mrr": 0.8743386243386243,
    "mrr_std": 0.2621906847481168,
    "ndcg_at_10": 0.6890162460535729,
    "ndcg_at_10_std": 0.22672710993265044,
    "bridge_recall_at_20": 0.1746031746031746,
    "bridge_recall_at_20_std": 0.38267658962604945,
    "latency_ms": 101.98308713364578,
    "latency_ms_std": 46.948663210538115
  },
  "hypergraph:evidence_hypergraph": {
    "recall_at_5": 0.6333333333333333,
    "recall_at_5_std": 0.3034597397021089,
    "recall_at_10": 0.6888888888888889,
    "recall_at_10_std": 0.30669062552504966,
    "recall_at_20": 0.71005291005291,
    "recall_at_20_std": 0.30585006520899816,
    "recall_at_30": 0.71005291005291,
    "recall_at_30_std": 0.30585006520899816,
    "recall_at_40": 0.71005291005291,
    "recall_at_40_std": 0.30585006520899816,
    "precision_at_5": 0.28571428571428575,
    "precision_at_5_std": 0.13779033026742976,
    "precision_at_10": 0.15714285714285714,
    "precision_at_10_std": 0.07559289460184544,
    "precision_at_20": 0.08095238095238096,
    "precision_at_20_std": 0.03749039815628864,
    "precision_at_30": 0.05396825396825397,
    "precision_at_30_std": 0.024993598770859094,
    "precision_at_40": 0.04047619047619048,
    "precision_at_40_std": 0.01874519907814432,
    "hit_at_5": 0.9365079365079365,
    "hit_at_5_std": 0.2458045298026051,
    "hit_at_10": 0.9365079365079365,
    "hit_at_10_std": 0.2458045298026051,
    "hit_at_20": 0.9365079365079365,
    "hit_at_20_std": 0.2458045298026051,
    "hit_at_30": 0.9365079365079365,
    "hit_at_30_std": 0.2458045298026051,
    "hit_at_40": 0.9365079365079365,
    "hit_at_40_std": 0.2458045298026051,
    "complete_at_5": 0.3492063492063492,
    "complete_at_5_std": 0.48054841516113245,
    "complete_at_10": 0.42857142857142855,
    "complete_at_10_std": 0.49884659592632397,
    "complete_at_20": 0.4603174603174603,
    "complete_at_20_std": 0.5024262688772971,
    "complete_at_30": 0.4603174603174603,
    "complete_at_30_std": 0.5024262688772971,
    "complete_at_40": 0.4603174603174603,
    "complete_at_40_std": 0.5024262688772971,
    "mrr": 0.843915343915344,
    "mrr_std": 0.30064598293453665,
    "ndcg_at_10": 0.6584854484519281,
    "ndcg_at_10_std": 0.24554136566000082,
    "bridge_recall_at_20": 0.07936507936507936,
    "bridge_recall_at_20_std": 0.2724789013191783,
    "latency_ms": 72.28748043555589,
    "latency_ms_std": 40.816348706159346
  },
  "graph:entity_relation": {
    "recall_at_5": 0.7066137566137566,
    "recall_at_5_std": 0.2524883276080551,
    "recall_at_10": 0.785978835978836,
    "recall_at_10_std": 0.2455920786159642,
    "recall_at_20": 0.8671957671957672,
    "recall_at_20_std": 0.21370951908631172,
    "recall_at_30": 0.8724867724867725,
    "recall_at_30_std": 0.20419346390212162,
    "recall_at_40": 0.8724867724867725,
    "recall_at_40_std": 0.20419346390212162,
    "precision_at_5": 0.3238095238095238,
    "precision_at_5_std": 0.1316327806440788,
    "precision_at_10": 0.18095238095238095,
    "precision_at_10_std": 0.06922879984594994,
    "precision_at_20": 0.1007936507936508,
    "precision_at_20_std": 0.03646923525833385,
    "precision_at_30": 0.06772486772486773,
    "precision_at_30_std": 0.023923604492399227,
    "precision_at_40": 0.050793650793650794,
    "precision_at_40_std": 0.017942703369299418,
    "hit_at_5": 1.0,
    "hit_at_5_std": 0.0,
    "hit_at_10": 1.0,
    "hit_at_10_std": 0.0,
    "hit_at_20": 1.0,
    "hit_at_20_std": 0.0,
    "hit_at_30": 1.0,
    "hit_at_30_std": 0.0,
    "hit_at_40": 1.0,
    "hit_at_40_std": 0.0,
    "complete_at_5": 0.3968253968253968,
    "complete_at_5_std": 0.4931689018948893,
    "complete_at_10": 0.5396825396825397,
    "complete_at_10_std": 0.5024262688772971,
    "complete_at_20": 0.6984126984126984,
    "complete_at_20_std": 0.46263343794052075,
    "complete_at_30": 0.6984126984126984,
    "complete_at_30_std": 0.46263343794052075,
    "complete_at_40": 0.6984126984126984,
    "complete_at_40_std": 0.46263343794052075,
    "mrr": 0.888095238095238,
    "mrr_std": 0.225887904992985,
    "ndcg_at_10": 0.7269580631047733,
    "ndcg_at_10_std": 0.1918874599661036,
    "bridge_recall_at_20": 0.1111111111111111,
    "bridge_recall_at_20_std": 0.3167939755409943,
    "latency_ms": 129.5298058983116,
    "latency_ms_std": 45.06365390126082
  },
  "graph:reified_fact": {
    "recall_at_5": 0.7325396825396825,
    "recall_at_5_std": 0.2755481433685883,
    "recall_at_10": 0.803968253968254,
    "recall_at_10_std": 0.26314397516208976,
    "recall_at_20": 0.8687830687830688,
    "recall_at_20_std": 0.21731689164282206,
    "recall_at_30": 0.8952380952380953,
    "recall_at_30_std": 0.19579880893179372,
    "recall_at_40": 0.8952380952380953,
    "recall_at_40_std": 0.19579880893179372,
    "precision_at_5": 0.33333333333333337,
    "precision_at_5_std": 0.1344043010064494,
    "precision_at_10": 0.18412698412698414,
    "precision_at_10_std": 0.07003766085137339,
    "precision_at_20": 0.1,
    "precision_at_20_std": 0.03360107525161235,
    "precision_at_30": 0.06878306878306878,
    "precision_at_30_std": 0.021480186646946665,
    "precision_at_40": 0.05158730158730159,
    "precision_at_40_std": 0.016110139985209996,
    "hit_at_5": 0.9841269841269841,
    "hit_at_5_std": 0.12598815766974242,
    "hit_at_10": 0.9841269841269841,
    "hit_at_10_std": 0.12598815766974242,
    "hit_at_20": 1.0,
    "hit_at_20_std": 0.0,
    "hit_at_30": 1.0,
    "hit_at_30_std": 0.0,
    "hit_at_40": 1.0,
    "hit_at_40_std": 0.0,
    "complete_at_5": 0.47619047619047616,
    "complete_at_5_std": 0.5034443575988877,
    "complete_at_10": 0.6031746031746031,
    "complete_at_10_std": 0.4931689018948893,
    "complete_at_20": 0.7142857142857143,
    "complete_at_20_std": 0.4553825555391872,
    "complete_at_30": 0.7619047619047619,
    "complete_at_30_std": 0.4293387907410918,
    "complete_at_40": 0.7619047619047619,
    "complete_at_40_std": 0.4293387907410918,
    "mrr": 0.8894179894179894,
    "mrr_std": 0.23835422848665686,
    "ndcg_at_10": 0.744279406156667,
    "ndcg_at_10_std": 0.20933204149714923,
    "bridge_recall_at_20": 0.23809523809523808,
    "bridge_recall_at_20_std": 0.4293387907410918,
    "latency_ms": 38.42029347646213,