{
  "hypergraph:evidence_hypergraph": {
    "recall_at_10": 0.37333333333333335,
    "recall_at_20": 0.44,
    "mrr": 0.29047619047619044,
    "ndcg_at_10": 0.23230964083897285,
    "bridge_recall_at_20": 0.0,
    "latency_ms": 6.466414779424667
  },
  "graph:entity_relation": {
    "recall_at_10": 0.7066666666666667,
    "recall_at_20": 0.7066666666666667,
    "mrr": 0.49,
    "ndcg_at_10": 0.44369265640571787,
    "bridge_recall_at_20": 0.0,
    "latency_ms": 10.169380763545632
  },
  "graph:reified_fact": {
    "recall_at_10": 0.5,
    "recall_at_20": 0.6666666666666666,
    "mrr": 0.37777777777777777,
    "ndcg_at_10": 0.38394415782963753,
    "bridge_recall_at_20": 0.0,
    "latency_ms": 6.026682211086154
  }
}