{
  "vanilla_rag:dense_bge_compatible": {
    "recall_at_10": 0.7087301587301588,
    "recall_at_10_std": 0.2889056279368033,
    "recall_at_20": 0.7298941798941799,
    "recall_at_20_std": 0.28652782850326886,
    "mrr": 0.8902116402116402,
    "mrr_std": 0.25392324710013386,
    "ndcg_at_10": 0.6971483235613846,
    "ndcg_at_10_std": 0.22656087456249652,
    "bridge_recall_at_20": 0.1746031746031746,
    "bridge_recall_at_20_std": 0.38267658962604945,
    "latency_ms": 101.17312775008263,
    "latency_ms_std": 43.69302269913272
  },
  "hypergraph:evidence_hypergraph": {
    "recall_at_10": 0.7232804232804233,
    "recall_at_10_std": 0.28302544439200983,
    "recall_at_20": 0.7312169312169312,
    "recall_at_20_std": 0.2836729789596894,
    "mrr": 0.8756613756613757,
    "mrr_std": 0.25918305270650593,
    "ndcg_at_10": 0.7011396615498081,
    "ndcg_at_10_std": 0.23228791534539128,
    "bridge_recall_at_20": 0.12698412698412698,
    "bridge_recall_at_20_std": 0.3356295717325918,
    "latency_ms": 37.8686109528182,
    "latency_ms_std": 31.27635077409171
  },
  "graph:entity_relation": {
    "recall_at_10": 0.7878306878306879,
    "recall_at_10_std": 0.28068347121694537,
    "recall_at_20": 0.8624338624338624,
    "recall_at_20_std": 0.2509653093658402,
    "mrr": 0.858994708994709,
    "mrr_std": 0.27936540665856174,
    "ndcg_at_10": 0.7197213447001181,
    "ndcg_at_10_std": 0.23954907914314655,
    "bridge_recall_at_20": 0.047619047619047616,
    "bridge_recall_at_20_std": 0.2146693953705459,
    "latency_ms": 164.75001910686612,
    "latency_ms_std": 91.37948754382076
  },
  "graph:reified_fact": {
    "recall_at_10": 0.8447089947089947,
    "recall_at_10_std": 0.24364366344844438,
    "recall_at_20": 0.9232804232804233,
    "recall_at_20_std": 0.20263806043115845,
    "mrr": 0.8854497354497355,
    "mrr_std": 0.24822834728709428,
    "ndcg_at_10": 0.7672685637041965,
    "ndcg_at_10_std": 0.21370432121878669,
    "bridge_recall_at_20": 0.1746031746031746,
    "bridge_recall_at_20_std": 0.38267658962604945,
    "latency_ms": 53.688755946322566,
    "latency_ms_std": 73.13981170215202
  }
}