{
  "hop_count": {
    "2": {
      "semantic+lap_pe": {
        "recall_at_10": 0.325,
        "recall_at_20": 0.8666666666666667,
        "mrr": 0.2396103896103896,
        "ndcg_at_10": 0.20678077185658486,
        "bridge_recall_at_20": 0.3,
        "latency_ms": 7.5947636272758245
      },
      "laplacian_eigenmaps": {
        "recall_at_10": 0.5,
        "recall_at_20": 0.7833333333333333,
        "mrr": 0.2734004884004884,
        "ndcg_at_10": 0.2875887735038473,
        "bridge_recall_at_20": 0.1,
        "latency_ms": 7.011254131793976
      }
    }
  },
  "query_type": {
    "bridge": {
      "semantic+lap_pe": {
        "recall_at_10": 0.23809523809523808,
        "recall_at_20": 0.8095238095238095,
        "mrr": 0.2504638218923933,
        "ndcg_at_10": 0.1784533600221998,
        "bridge_recall_at_20": 0.42857142857142855,
        "latency_ms": 7.985333446413279
      },
      "laplacian_eigenmaps": {
        "recall_at_10": 0.4523809523809524,
        "recall_at_20": 0.6904761904761905,
        "mrr": 0.17968777254491541,
        "ndcg_at_10": 0.22345531428378243,
        "bridge_recall_at_20": 0.14285714285714285,
        "latency_ms": 7.411109882273844
      }
    },
    "comparison": {
      "semantic+lap_pe": {
        "recall_at_10": 0.5277777777777778,
        "recall_at_20": 1.0,
        "mrr": 0.21428571428571427,
        "ndcg_at_10": 0.2728780661368167,
        "bridge_recall_at_20": 0.0,
        "latency_ms": 6.683434049288432
      },
      "laplacian_eigenmaps": {
        "recall_at_10": 0.6111111111111112,
        "recall_at_20": 1.0,
        "mrr": 0.49206349206349204,
        "ndcg_at_10": 0.43723351168399877,
        "bridge_recall_at_20": 0.0,
        "latency_ms": 6.078257380674283
      }
    }
  }
}