{
  "semantic+lap_pe": {
    "recall_at_10": 0.325,
    "recall_at_20": 0.8666666666666667,
    "mrr": 0.2396103896103896,
    "ndcg_at_10": 0.20678077185658486,
    "bridge_recall_at_20": 0.3,
    "latency_ms": 7.5947636272758245
  },
  "laplacian_eigenmaps": {
    "recall_at_10": 0.5,
    "recall_at_20": 0.7833333333333333,
    "mrr": 0.2734004884004884,
    "ndcg_at_10": 0.2875887735038473,
    "bridge_recall_at_20": 0.1,
    "latency_ms": 7.011254131793976
  }
}