{
  "vanilla_rag:dense_bge_compatible": {
    "recall_at_5": 0.6095238095238095,
    "recall_at_5_std": 0.303174871254469,
    "recall_at_10": 0.6849206349206349,
    "recall_at_10_std": 0.3042075651648608,
    "recall_at_20": 0.7060846560846561,
    "recall_at_20_std": 0.30364130630888747,
    "recall_at_30": 0.7060846560846561,
    "recall_at_30_std": 0.30364130630888747,
    "recall_at_40": 0.7060846560846561,
    "recall_at_40_std": 0.30364130630888747,
    "precision_at_5": 0.27936507936507937,
    "precision_at_5_std": 0.15043885282166988,
    "precision_at_10": 0.15555555555555556,
    "precision_at_10_std": 0.0757282445662753,
    "precision_at_20": 0.08015873015873017,
    "precision_at_20_std": 0.03760971320541747,
    "precision_at_30": 0.05343915343915344,
    "precision_at_30_std": 0.02507314213694498,
    "precision_at_40": 0.04007936507936508,
    "precision_at_40_std": 0.018804856602708735,
    "hit_at_5": 0.9206349206349206,
    "hit_at_5_std": 0.2724789013191783,
    "hit_at_10": 0.9523809523809523,
    "hit_at_10_std": 0.2146693953705459,
    "hit_at_20": 0.9523809523809523,
    "hit_at_20_std": 0.2146693953705459,
    "hit_at_30": 0.9523809523809523,
    "hit_at_30_std": 0.2146693953705459,
    "hit_at_40": 0.9523809523809523,
    "hit_at_40_std": 0.2146693953705459,
    "complete_at_5": 0.30158730158730157,
    "complete_at_5_std": 0.46263343794052075,
    "complete_at_10": 0.42857142857142855,
    "complete_at_10_std": 0.49884659592632397,
    "complete_at_20": 0.4603174603174603,
    "complete_at_20_std": 0.5024262688772971,
    "complete_at_30": 0.4603174603174603,
    "complete_at_30_std": 0.5024262688772971,
    "complete_at_40": 0.4603174603174603,
    "complete_at_40_std": 0.5024262688772971,
    "mrr": 0.8068783068783069,
    "mrr_std": 0.32372765724144875,
    "ndcg_at_10": 0.6443285614078967,
    "ndcg_at_10_std": 0.26070751231406536,
    "bridge_recall_at_20": 0.14285714285714285,
    "bridge_recall_at_20_std": 0.3527378107513292,
    "latency_ms": 85.37457327890608,
    "latency_ms_std": 42.96547995003902
  },
  "hypergraph:evidence_hypergraph": {
    "recall_at_5": 0.6068783068783069,
    "recall_at_5_std": 0.29742977425773676,
    "recall_at_10": 0.6597883597883598,
    "recall_at_10_std": 0.3004273378212255,
    "recall_at_20": 0.6730158730158731,
    "recall_at_20_std": 0.29365190074658803,
    "recall_at_30": 0.6730158730158731,
    "recall_at_30_std": 0.29365190074658803,
    "recall_at_40": 0.6730158730158731,
    "recall_at_40_std": 0.29365190074658803,
    "precision_at_5": 0.27936507936507937,
    "precision_at_5_std": 0.15043885282166988,
    "precision_at_10": 0.1507936507936508,
    "precision_at_10_std": 0.0737760689257306,
    "precision_at_20": 0.07698412698412699,
    "precision_at_20_std": 0.035724524901914176,
    "precision_at_30": 0.051322751322751325,
    "precision_at_30_std": 0.02381634993460945,
    "precision_at_40": 0.038492063492063494,
    "precision_at_40_std": 0.017862262450957088,
    "hit_at_5": 0.9206349206349206,
    "hit_at_5_std": 0.2724789013191783,
    "hit_at_10": 0.9365079365079365,
    "hit_at_10_std": 0.2458045298026051,
    "hit_at_20": 0.9523809523809523,
    "hit_at_20_std": 0.2146693953705459,
    "hit_at_30": 0.9523809523809523,
    "hit_at_30_std": 0.2146693953705459,
    "hit_at_40": 0.9523809523809523,
    "hit_at_40_std": 0.2146693953705459,
    "complete_at_5": 0.2857142857142857,
    "complete_at_5_std": 0.4553825555391872,
    "complete_at_10": 0.36507936507936506,
    "complete_at_10_std": 0.4853195588936754,
    "complete_at_20": 0.38095238095238093,
    "complete_at_20_std": 0.48952153824477423,
    "complete_at_30": 0.38095238095238093,
    "complete_at_30_std": 0.48952153824477423,
    "complete_at_40": 0.38095238095238093,
    "complete_at_40_std": 0.48952153824477423,
    "mrr": 0.8104686318972033,
    "mrr_std": 0.3197694392417952,
    "ndcg_at_10": 0.6316041818265596,
    "ndcg_at_10_std": 0.25392790828323564,
    "bridge_recall_at_20": 0.1111111111111111,
    "bridge_recall_at_20_std": 0.3167939755409943,
    "latency_ms": 42.48995915617025,
    "latency_ms_std": 57.397286774356864
  },
  "graph:entity_relation": {
    "recall_at_5": 0.6148148148148148,
    "recall_at_5_std": 0.2714475848450303,
    "recall_at_10": 0.7383597883597883,
    "recall_at_10_std": 0.2841801847860686,
    "recall_at_20": 0.8597883597883598,
    "recall_at_20_std": 0.25392324710013386,
    "recall_at_30": 0.8756613756613757,
    "recall_at_30_std": 0.2293794300076226,
    "recall_at_40": 0.8888888888888888,
    "recall_at_40_std": 0.22350659304060022,
    "precision_at_5": 0.2888888888888889,
    "precision_at_5_std": 0.15565792842320492,
    "precision_at_10": 0.17142857142857143,
    "precision_at_10_std": 0.07916616136955729,
    "precision_at_20": 0.1007936507936508,
    "precision_at_20_std": 0.04163209010822437,
    "precision_at_30": 0.06825396825396825,
    "precision_at_30_std": 0.026388720456519094,
    "precision_at_40": 0.05198412698412699,
    "precision_at_40_std": 0.019726756075795573,
    "hit_at_5": 0.9523809523809523,
    "hit_at_5_std": 0.2146693953705459,
    "hit_at_10": 0.9682539682539683,
    "hit_at_10_std": 0.17673143177130224,
    "hit_at_20": 0.9682539682539683,
    "hit_at_20_std": 0.17673143177130224,
    "hit_at_30": 0.9841269841269841,
    "hit_at_30_std": 0.12598815766974242,
    "hit_at_40": 0.9841269841269841,
    "hit_at_40_std": 0.12598815766974242,
    "complete_at_5": 0.2698412698412698,
    "complete_at_5_std": 0.4474425249214014,
    "complete_at_10": 0.49206349206349204,
    "complete_at_10_std": 0.5039526306789697,
    "complete_at_20": 0.7301587301587301,
    "complete_at_20_std": 0.4474425249214014,
    "complete_at_30": 0.746031746031746,
    "complete_at_30_std": 0.43877593548026267,
    "complete_at_40": 0.7777777777777778,
    "complete_at_40_std": 0.41907903806247476,
    "mrr": 0.8113756613756614,
    "mrr_std": 0.31482309131415426,
    "ndcg_at_10": 0.6626455589590311,
    "ndcg_at_10_std": 0.23068288466498366,
    "bridge_recall_at_20": 0.06349206349206349,
    "bridge_recall_at_20_std": 0.2458045298026051,
    "latency_ms": 134.43219217856134,
    "latency_ms_std": 49.20159131321831
  },
  "graph:reified_fact": {
    "recall_at_5": 0.6571428571428571,
    "recall_at_5_std": 0.28739520897953963,
    "recall_at_10": 0.7978835978835979,
    "recall_at_10_std": 0.2597643690936956,
    "recall_at_20": 0.9259259259259259,
    "recall_at_20_std": 0.19578391684401186,
    "recall_at_30": 0.9417989417989417,
    "recall_at_30_std": 0.15599929394751696,
    "recall_at_40": 0.9629629629629629,
    "recall_at_40_std": 0.12855846906423624,
    "precision_at_5": 0.3047619047619048,
    "precision_at_5_std": 0.15179418517972906,
    "precision_at_10": 0.18412698412698414,
    "precision_at_10_std": 0.07230390433920765,
    "precision_at_20": 0.10873015873015873,
    "precision_at_20_std": 0.04069921389000924,
    "precision_at_30": 0.07354497354497354,
    "precision_at_30_std": 0.02551177264173663,
    "precision_at_40": 0.05634920634920635,
    "precision_at_40_std": 0.018495996716080192,
    "hit_at_5": 0.9523809523809523,
    "hit_at_5_std": 0.2146693953705459,
    "hit_at_10": 0.9841269841269841,
    "hit_at_10_std": 0.12598815766974242,
    "hit_at_20": 0.9841269841269841,
    "hit_at_20_std": 0.12598815766974242,
    "hit_at_30": 1.0,
    "hit_at_30_std": 0.0,
    "hit_at_40": 1.0,
    "hit_at_40_std": 0.0,
    "complete_at_5": 0.3492063492063492,
    "complete_at_5_std": 0.48054841516113245,
    "complete_at_10": 0.5873015873015873,
    "complete_at_10_std": 0.4962738784348766,
    "complete_at_20": 0.8571428571428571,
    "complete_at_20_std": 0.3527378107513292,
    "complete_at_30": 0.873015873015873,
    "complete_at_30_std": 0.3356295717325918,
    "complete_at_40": 0.9206349206349206,
    "complete_at_40_std": 0.2724789013191783,
    "mrr": 0.8346560846560847,
    "mrr_std": 0.29699135891424094,