{
  "base:tuned:entity_relation_minus_hypergraph": {
    "paired_samples": 63,
    "mean_difference": 0.18915343915343916,
    "ci95_low": 0.12081128747795415,
    "ci95_high": 0.25749559082892415,
    "randomization_p_two_sided": 9.999000099990002e-05
  },
  "base:tuned:reified_fact_minus_hypergraph": {
    "paired_samples": 63,
    "mean_difference": 0.2289241622574956,
    "ci95_low": 0.17081128747795415,
    "ci95_high": 0.290299823633157,
    "randomization_p_two_sided": 9.999000099990002e-05
  },
  "base:base:entity_relation_minus_hypergraph": {
    "paired_samples": 63,
    "mean_difference": 0.17680776014109348,
    "ci95_low": 0.11022927689594356,
    "ci95_high": 0.24426807760141092,
    "randomization_p_two_sided": 9.999000099990002e-05
  },
  "base:base:reified_fact_minus_hypergraph": {
    "paired_samples": 63,
    "mean_difference": 0.2201058201058201,
    "ci95_low": 0.16331569664902998,
    "ci95_high": 0.2796296296296296,
    "randomization_p_two_sided": 9.999000099990002e-05
  },
  "tuned:tuned:entity_relation_minus_hypergraph": {
    "paired_samples": 63,
    "mean_difference": 0.14814814814814814,
    "ci95_low": 0.08245149911816578,
    "ci95_high": 0.21516754850088185,
    "randomization_p_two_sided": 9.999000099990002e-05
  },
  "tuned:tuned:reified_fact_minus_hypergraph": {
    "paired_samples": 63,
    "mean_difference": 0.18924162257495591,
    "ci95_low": 0.13589065255731922,
    "ci95_high": 0.24664902998236332,
    "randomization_p_two_sided": 9.999000099990002e-05
  },
  "tuned:base:entity_relation_minus_hypergraph": {
    "paired_samples": 63,
    "mean_difference": 0.13315696649029982,
    "ci95_low": 0.06966490299823633,
    "ci95_high": 0.19797178130511464,
    "randomization_p_two_sided": 0.00029997000299970003
  },
  "tuned:base:reified_fact_minus_hypergraph": {
    "paired_samples": 63,
    "mean_difference": 0.18306878306878308,
    "ci95_low": 0.13245149911816578,
    "ci95_high": 0.23721340388007053,
    "randomization_p_two_sided": 9.999000099990002e-05
  }
}