{
  "bm25": {
    "seed_count": 1,
    "recall_at_5_mean": 0.23506944444444444,
    "recall_at_5_std": 0.0,
    "recall_at_10_mean": 0.3619791666666667,
    "recall_at_10_std": 0.0,
    "recall_at_20_mean": 0.5505787037037037,
    "recall_at_20_std": 0.0,
    "recall_at_30_mean": 0.7603009259259259,
    "recall_at_30_std": 0.0,
    "recall_at_40_mean": 0.9142939814814814,
    "recall_at_40_std": 0.0,
    "hit_at_10_mean": 0.6388888888888888,
    "hit_at_10_std": 0.0,
    "complete_at_20_mean": 0.2604166666666667,
    "complete_at_20_std": 0.0,
    "complete_at_40_mean": 0.8402777777777778,
    "complete_at_40_std": 0.0,
    "mrr_mean": 0.3113608916746031,
    "mrr_std": 0.0,
    "ndcg_at_10_mean": 0.25107902750717687,
    "ndcg_at_10_std": 0.0
  },
  "vanilla_dense_bge_m3": {
    "seed_count": 1,
    "recall_at_5_mean": 0.5979166666666667,
    "recall_at_5_std": 0.0,
    "recall_at_10_mean": 0.7523148148148148,
    "recall_at_10_std": 0.0,
    "recall_at_20_mean": 0.8855324074074074,
    "recall_at_20_std": 0.0,
    "recall_at_30_mean": 0.9569444444444445,
    "recall_at_30_std": 0.0,
    "recall_at_40_mean": 0.9789351851851852,
    "recall_at_40_std": 0.0,
    "hit_at_10_mean": 0.9791666666666666,
    "hit_at_10_std": 0.0,
    "complete_at_20_mean": 0.75,
    "complete_at_20_std": 0.0,
    "complete_at_40_mean": 0.9548611111111112,
    "complete_at_40_std": 0.0,
    "mrr_mean": 0.7139233465903196,
    "mrr_std": 0.0,
    "ndcg_at_10_mean": 0.615934824188853,
    "ndcg_at_10_std": 0.0
  },
  "hybrid_bm25_dense": {
    "seed_count": 1,
    "recall_at_5_mean": 0.3983217592592593,
    "recall_at_5_std": 0.0,
    "recall_at_10_mean": 0.5744212962962962,
    "recall_at_10_std": 0.0,
    "recall_at_20_mean": 0.8226273148148148,
    "recall_at_20_std": 0.0,
    "recall_at_30_mean": 0.9295717592592593,
    "recall_at_30_std": 0.0,
    "recall_at_40_mean": 0.9780092592592593,
    "recall_at_40_std": 0.0,
    "hit_at_10_mean": 0.8993055555555556,
    "hit_at_10_std": 0.0,
    "complete_at_20_mean": 0.6215277777777778,
    "complete_at_20_std": 0.0,
    "complete_at_40_mean": 0.9513888888888888,
    "complete_at_40_std": 0.0,
    "mrr_mean": 0.5292948931449479,
    "mrr_std": 0.0,
    "ndcg_at_10_mean": 0.43598248377509446,
    "ndcg_at_10_std": 0.0
  },
  "tuned_query_dense": {
    "seed_count": 3,
    "recall_at_5_mean": 0.6034336419753087,
    "recall_at_5_std": 0.0006023339118825787,
    "recall_at_10_mean": 0.7541087962962963,
    "recall_at_10_std": 0.0012519275262028004,
    "recall_at_20_mean": 0.8891010802469136,
    "recall_at_20_std": 0.0008839845090578162,
    "recall_at_30_mean": 0.9551118827160494,
    "recall_at_30_std": 0.0006682294782287525,
    "recall_at_40_mean": 0.9806712962962963,
    "recall_at_40_std": 0.0,
    "hit_at_10_mean": 0.9814814814814814,
    "hit_at_10_std": 0.0020046884346861934,
    "complete_at_20_mean": 0.755787037037037,
    "complete_at_20_std": 0.0020046884346861934,
    "complete_at_40_mean": 0.9583333333333334,
    "complete_at_40_std": 0.0,
    "mrr_mean": 0.7348944167367369,
    "mrr_std": 0.0010201946403343145,
    "ndcg_at_10_mean": 0.6288733759043803,
    "ndcg_at_10_std": 0.0007270550326439091
  },
  "tuned_query_hybrid": {
    "seed_count": 3,
    "recall_at_5_mean": 0.4071952160493827,
    "recall_at_5_std": 0.004105670650808796,
    "recall_at_10_mean": 0.5835069444444444,
    "recall_at_10_std": 0.0004593318248376114,
    "recall_at_20_mean": 0.8211805555555556,
    "recall_at_20_std": 0.0018070017356476738,
    "recall_at_30_mean": 0.930150462962963,
    "recall_at_30_std": 0.0010023442173430646,
    "recall_at_40_mean": 0.9791666666666666,
    "recall_at_40_std": 0.0010023442173430646,
    "hit_at_10_mean": 0.8993055555555556,
    "hit_at_10_std": 0.0,
    "complete_at_20_mean": 0.630787037037037,
    "complete_at_20_std": 0.004009376869372387,
    "complete_at_40_mean": 0.9537037037037037,
    "complete_at_40_std": 0.0020046884346862576,
    "mrr_mean": 0.5376536104289414,
    "mrr_std": 0.002733618508208699,
    "ndcg_at_10_mean": 0.44335547249843515,
    "ndcg_at_10_std": 0.0010295997199629336
  },
  "bm25_tuned_reranker": {
    "seed_count": 3,
    "recall_at_5_mean": 0.752295524691358,
    "recall_at_5_std": 0.003187251474123881,
    "recall_at_10_mean": 0.8744212962962963,
    "recall_at_10_std": 0.00347222222222221,
    "recall_at_20_mean": 0.9603395061728395,
    "recall_at_20_std": 0.0008839845090578646,
    "recall_at_30_mean": 0.986574074074074,
    "recall_at_30_std": 0.0010023442173430646,
    "recall_at_40_mean": 0.9952546296296296,
    "recall_at_40_std": 0.0,
    "hit_at_10_mean": 1.0,
    "hit_at_10_std": 0.0,
    "complete_at_20_mean": 0.9027777777777778,
    "complete_at_20_std": 0.0,
    "complete_at_40_mean": 0.9861111111111112,
    "complete_at_40_std": 0.0,
    "mrr_mean": 0.8358185442386832,
    "mrr_std": 0.002385166107572849,
    "ndcg_at_10_mean": 0.7566272669915974,
    "ndcg_at_10_std": 0.0027786776452965608
  },
  "dense_tuned_reranker": {
    "seed_count": 3,
    "recall_at_5_mean": 0.752295524691358,
    "recall_at_5_std": 0.003187251474123881,
    "recall_at_10_mean": 0.8744212962962963,
    "recall_at_10_std": 0.00347222222222221,
    "recall_at_20_mean": 0.961304012345679,
    "recall_at_20_std": 0.001204667823765113,
    "recall_at_30_mean": 0.9877314814814815,
    "recall_at_30_std": 0.0010023442173431288,
    "recall_at_40_mean": 0.9969907407407408,
    "recall_at_40_std": 0.0,
    "hit_at_10_mean": 1.0,
    "hit_at_10_std": 0.0,
    "complete_at_20_mean": 0.90625,
    "complete_at_20_std": 0.0,
    "complete_at_40_mean": 0.9895833333333334,
    "complete_at_40_std": 0.0,
    "mrr_mean": 0.8358185442386832,
    "mrr_std": 0.002385166107572849,
    "ndcg_at_10_mean": 0.7566272669915974,
    "ndcg_at_10_std": 0.0027786776452965608
  },
  "hybrid_tuned_reranker": {
    "seed_count": 3,
    "recall_at_5_mean": 0.752295524691358,
    "recall_at_5_std": 0.003187251474123881,
    "recall_at_10_mean": 0.8744212962962963,
    "recall_at_10_std": 0.00347222222222221,
    "recall_at_20_mean": 0.961304012345679,
    "recall_at_20_std": 0.001204667823765113,
    "recall_at_30_mean": 0.9877314814814815,
    "recall_at_30_std": 0.0010023442173431288,
    "recall_at_40_mean": 0.9969907407407408,
    "recall_at_40_std": 0.0,
    "hit_at_10_mean": 1.0,
    "hit_at_10_std": 0.0,
    "complete_at_20_mean": 0.90625,
    "complete_at_20_std": 0.0,
    "complete_at_40_mean": 0.9895833333333334,
    "complete_at_40_std": 0.0,
    "mrr_mean": 0.8358185442386832,
    "mrr_std": 0.002385166107572849,
    "ndcg_at_10_mean": 0.7566272669915974,
    "ndcg_at_10_std": 0.0027786776452965608
  },
  "tuned_query_dense_tuned_reranker": {
    "seed_count": 3,
    "recall_at_5_mean": 0.752295524691358,
    "recall_at_5_std": 0.003187251474123881,
    "recall_at_10_mean": 0.8744212962962963,
    "recall_at_10_std": 0.00347222222222221,
    "recall_at_20_mean": 0.961304012345679,
    "recall_at_20_std": 0.001204667823765113,
    "recall_at_30_mean": 0.9888888888888889,
    "recall_at_30_std": 0.0010023442173430646,
    "recall_at_40_mean": 0.9981481481481481,
    "recall_at_40_std": 0.0,
    "hit_at_10_mean": 1.0,
    "hit_at_10_std": 0.0,
    "complete_at_20_mean": 0.90625,
    "complete_at_20_std": 0.0,
    "complete_at_40_mean": 0.9930555555555556,
    "complete_at_40_std": 0.0,
    "mrr_mean": 0.8358185442386832,
    "mrr_std": 0.002385166107572849,
    "ndcg_at_10_mean": 0.7566272669915974,
    "ndcg_at_10_std": 0.0027786776452965608
  },
  "tuned_query_hybrid_tuned_reranker": {
    "seed_count": 3,
    "recall_at_5_mean": 0.752295524691358,
    "recall_at_5_std": 0.003187251474123881,
    "recall_at_10_mean": 0.8744212962962963,
    "recall_at_10_std": 0.00347222222222221,
    "recall_at_20_mean": 0.961304012345679,
    "recall_at_20_std": 0.001204667823765113,
    "recall_at_30_mean": 0.9888888888888889,
    "recall_at_30_std": 0.0010023442173430646,
    "recall_at_40_mean": 0.9981481481481481,