{
  "vanilla_rag:dense_bge_compatible": {
    "recall_at_10": 0.7087301587301588,
    "recall_at_10_std": 0.2889056279368033,
    "recall_at_20": 0.7298941798941799,
    "recall_at_20_std": 0.28652782850326886,
    "mrr": 0.8743386243386243,
    "mrr_std": 0.2621906847481168,
    "ndcg_at_10": 0.6912544600742593,
    "ndcg_at_10_std": 0.22997875542362947,
    "bridge_recall_at_20": 0.1746031746031746,
    "bridge_recall_at_20_std": 0.38267658962604945,
    "latency_ms": 119.98984324819749,
    "latency_ms_std": 48.182605466307
  },
  "hypergraph:evidence_hypergraph": {
    "recall_at_10": 0.707936507936508,
    "recall_at_10_std": 0.29390244679738026,
    "recall_at_20": 0.7158730158730159,
    "recall_at_20_std": 0.2949459061550163,
    "mrr": 0.8703703703703703,
    "mrr_std": 0.2734428780690887,
    "ndcg_at_10": 0.69184244324076,
    "ndcg_at_10_std": 0.23540699179432525,
    "bridge_recall_at_20": 0.047619047619047616,
    "bridge_recall_at_20_std": 0.2146693953705459,
    "latency_ms": 59.539836155073274,
    "latency_ms_std": 36.42874660277175
  },
  "graph:entity_relation": {
    "recall_at_10": 0.7912698412698412,
    "recall_at_10_std": 0.28374191196622117,
    "recall_at_20": 0.8719576719576719,
    "recall_at_20_std": 0.24917112408041264,
    "mrr": 0.841609977324263,
    "mrr_std": 0.2905567165531263,
    "ndcg_at_10": 0.7176907728459877,
    "ndcg_at_10_std": 0.2520755098668331,
    "bridge_recall_at_20": 0.09523809523809523,
    "bridge_recall_at_20_std": 0.29590134113693356,
    "latency_ms": 165.25631210219765,
    "latency_ms_std": 66.41852657133519
  },
  "graph:reified_fact": {
    "recall_at_10": 0.8441798941798941,
    "recall_at_10_std": 0.22544576969441432,
    "recall_at_20": 0.9328042328042327,
    "recall_at_20_std": 0.15912980922036962,
    "mrr": 0.888095238095238,
    "mrr_std": 0.225887904992985,
    "ndcg_at_10": 0.7646785198253353,
    "ndcg_at_10_std": 0.19069868132635281,
    "bridge_recall_at_20": 0.0,
    "bridge_recall_at_20_std": 0.0,
    "latency_ms": 68.28298971855214,
    "latency_ms_std": 33.756127709887245
  }
}