{
  "hypergraph:evidence_hypergraph": {
    "recall_at_10": {
      "stage_a_only": 0.0976190476190476,
      "stage_b_only": 0.03395061728395066,
      "joint": 0.11657848324514986,
      "interaction": -0.014991181657848407
    },
    "recall_at_20": {
      "stage_a_only": 0.13421516754850094,
      "stage_b_only": 0.03395061728395066,
      "joint": 0.17169312169312168,
      "interaction": 0.003527336860670083
    },
    "complete_at_20": {
      "stage_a_only": 0.2328042328042328,
      "stage_b_only": 0.05291005291005291,
      "joint": 0.3121693121693122,
      "interaction": 0.02645502645502651
    },
    "mrr": {
      "stage_a_only": 0.014071554547745002,
      "stage_b_only": 0.005996472663139296,
      "joint": 0.009740259740259716,
      "interaction": -0.010327767470624583
    }
  },
  "graph:reified_fact": {
    "recall_at_10": {
      "stage_a_only": 0.029188712522045912,
      "stage_b_only": -0.0017636684303350414,
      "joint": 0.033156966490299866,
      "interaction": 0.0057319223985889955
    },
    "recall_at_20": {
      "stage_a_only": 0.02645502645502651,
      "stage_b_only": -0.0057319223985889955,
      "joint": 0.032186948853615616,
      "interaction": 0.011463844797178102
    },
    "complete_at_20": {
      "stage_a_only": 0.042328042328042326,
      "stage_b_only": -0.015873015873015928,
      "joint": 0.06349206349206349,
      "interaction": 0.03703703703703709
    },
    "mrr": {
      "stage_a_only": -0.00326950326950326,
      "stage_b_only": -4.384653507460978e-05,
      "joint": -0.00326950326950326,
      "interaction": 4.384653507460978e-05
    }
  },
  "graph:entity_relation": {
    "recall_at_10": {
      "stage_a_only": 0.0651675485008818,
      "stage_b_only": -0.005291005291005235,
      "joint": 0.06693121693121695,
      "interaction": 0.007054673721340388
    },
    "recall_at_20": {
      "stage_a_only": 0.07107583774250448,
      "stage_b_only": -0.007054673721340388,
      "joint": 0.07372134038800704,
      "interaction": 0.00970017636684295
    },
    "complete_at_20": {
      "stage_a_only": 0.1322751322751322,
      "stage_b_only": -0.015873015873015928,
      "joint": 0.13756613756613756,
      "interaction": 0.021164021164021274
    },
    "mrr": {
      "stage_a_only": 0.018661291677164682,
      "stage_b_only": -0.0026847855828910916,
      "joint": 0.023952296968170028,
      "interaction": 0.007975790873896438
    }
  }
}