{
  "hypergraph:evidence_hypergraph:A0B0": {
    "seed_count": 3,
    "recall_at_5_mean": 0.6405643738977073,
    "recall_at_5_std": 0.005712897473278841,
    "recall_at_10_mean": 0.6727513227513228,
    "recall_at_10_std": 0.01757418378861627,
    "recall_at_20_mean": 0.6850970017636684,
    "recall_at_20_std": 0.025161961488799154,
    "recall_at_30_mean": 0.6850970017636684,
    "recall_at_30_std": 0.025161961488799154,
    "recall_at_40_mean": 0.6850970017636684,
    "recall_at_40_std": 0.025161961488799154,
    "hit_at_10_mean": 0.9417989417989417,
    "hit_at_10_std": 0.009164289987136883,
    "complete_at_20_mean": 0.4126984126984127,
    "complete_at_20_std": 0.031746031746031744,
    "complete_at_40_mean": 0.4126984126984127,
    "complete_at_40_std": 0.031746031746031744,
    "mrr_mean": 0.8573192239858907,
    "mrr_std": 0.011716122525744157,
    "ndcg_at_10_mean": 0.6642116406762061,
    "ndcg_at_10_std": 0.0025235919982736464
  },
  "graph:entity_relation:A0B0": {
    "seed_count": 3,
    "recall_at_5_mean": 0.7139329805996473,
    "recall_at_5_std": 0.019595181723008954,
    "recall_at_10_mean": 0.7936507936507936,
    "recall_at_10_std": 0.007949724445141092,
    "recall_at_20_mean": 0.8742504409171076,
    "recall_at_20_std": 0.013006979941793497,
    "recall_at_30_mean": 0.8804232804232804,
    "recall_at_30_std": 0.012971058912308205,
    "recall_at_40_mean": 0.8857142857142857,
    "recall_at_40_std": 0.009405496737900096,
    "hit_at_10_mean": 0.9788359788359788,
    "hit_at_10_std": 0.018328579974273833,
    "complete_at_20_mean": 0.746031746031746,
    "complete_at_20_std": 0.057230972626412496,
    "complete_at_40_mean": 0.7619047619047619,
    "complete_at_40_std": 0.05723097262641255,
    "mrr_mean": 0.8659066095574032,
    "mrr_std": 0.013956364172582628,
    "ndcg_at_10_mean": 0.7261895527376413,
    "ndcg_at_10_std": 0.005099225270575965
  },
  "graph:reified_fact:A0B0": {
    "seed_count": 3,
    "recall_at_5_mean": 0.7397707231040564,
    "recall_at_5_std": 0.006267850315314611,
    "recall_at_10_mean": 0.832716049382716,
    "recall_at_10_std": 0.020315898676022164,
    "recall_at_20_mean": 0.914021164021164,
    "recall_at_20_std": 0.024747825328432463,
    "recall_at_30_mean": 0.939594356261023,
    "recall_at_30_std": 0.03046848876327017,
    "recall_at_40_mean": 0.9448853615520282,
    "recall_at_40_std": 0.03504101159077163,
    "hit_at_10_mean": 0.9894179894179894,
    "hit_at_10_std": 0.009164289987136948,
    "complete_at_20_mean": 0.8201058201058201,
    "complete_at_20_std": 0.051024607201020936,
    "complete_at_40_mean": 0.8783068783068783,
    "complete_at_40_std": 0.07331431989709533,
    "mrr_mean": 0.8878374045040711,
    "mrr_std": 0.001843325901470118,
    "ndcg_at_10_mean": 0.7597219524241392,
    "ndcg_at_10_std": 0.01079310205080096
  },
  "hypergraph:evidence_hypergraph:A1B0": {
    "seed_count": 3,
    "recall_at_5_mean": 0.6888007054673722,
    "recall_at_5_std": 0.014019500084289758,
    "recall_at_10_mean": 0.7703703703703704,
    "recall_at_10_std": 0.018184824186332695,
    "recall_at_20_mean": 0.8193121693121693,
    "recall_at_20_std": 0.023251846337628255,
    "recall_at_30_mean": 0.8193121693121693,
    "recall_at_30_std": 0.023251846337628255,
    "recall_at_40_mean": 0.8193121693121693,
    "recall_at_40_std": 0.023251846337628255,
    "hit_at_10_mean": 0.9735449735449735,
    "hit_at_10_std": 0.009164289987136883,
    "complete_at_20_mean": 0.6455026455026455,
    "complete_at_20_std": 0.036657159948547666,
    "complete_at_40_mean": 0.6455026455026455,
    "complete_at_40_std": 0.036657159948547666,
    "mrr_mean": 0.8713907785336357,
    "mrr_std": 0.020701297531677116,
    "ndcg_at_10_mean": 0.7167659568600744,
    "ndcg_at_10_std": 0.017787479998482507
  },
  "graph:entity_relation:A1B0": {
    "seed_count": 3,
    "recall_at_5_mean": 0.7471781305114639,
    "recall_at_5_std": 0.007636908322614113,
    "recall_at_10_mean": 0.8588183421516754,
    "recall_at_10_std": 0.010691671651659738,
    "recall_at_20_mean": 0.945326278659612,
    "recall_at_20_std": 0.010691671651659719,
    "recall_at_30_mean": 0.9744268077601411,
    "recall_at_30_std": 0.008504101200170117,
    "recall_at_40_mean": 0.9929453262786596,
    "recall_at_40_std": 0.006657702323871924,
    "hit_at_10_mean": 1.0,
    "hit_at_10_std": 0.0,
    "complete_at_20_mean": 0.8783068783068783,
    "complete_at_20_std": 0.02424643224844362,
    "complete_at_40_mean": 0.9841269841269841,
    "complete_at_40_std": 0.015873015873015872,
    "mrr_mean": 0.8845679012345679,
    "mrr_std": 0.007636908322614113,
    "ndcg_at_10_mean": 0.7694437804387012,
    "ndcg_at_10_std": 0.010426350946036991
  },
  "graph:reified_fact:A1B0": {
    "seed_count": 3,
    "recall_at_5_mean": 0.7489417989417989,
    "recall_at_5_std": 0.009164289987136883,
    "recall_at_10_mean": 0.861904761904762,
    "recall_at_10_std": 0.012123216124221804,
    "recall_at_20_mean": 0.9404761904761905,
    "recall_at_20_std": 0.0,
    "recall_at_30_mean": 0.9722222222222222,
    "recall_at_30_std": 0.007936507936507908,
    "recall_at_40_mean": 0.9880952380952381,
    "recall_at_40_std": 0.0,
    "hit_at_10_mean": 1.0,
    "hit_at_10_std": 0.0,
    "complete_at_20_mean": 0.8624338624338624,
    "complete_at_20_std": 0.009164289987136948,
    "complete_at_40_mean": 0.9682539682539683,
    "complete_at_40_std": 0.0,
    "mrr_mean": 0.8845679012345679,
    "mrr_std": 0.007636908322614113,
    "ndcg_at_10_mean": 0.7711583413088695,
    "ndcg_at_10_std": 0.00842106847118745
  },
  "hypergraph:evidence_hypergraph:A0B1": {
    "seed_count": 3,
    "recall_at_5_mean": 0.6621693121693122,
    "recall_at_5_std": 0.025938070797552826,
    "recall_at_10_mean": 0.7067019400352734,
    "recall_at_10_std": 0.017228973500417626,
    "recall_at_20_mean": 0.719047619047619,
    "recall_at_20_std": 0.010933321862313132,
    "recall_at_30_mean": 0.719047619047619,
    "recall_at_30_std": 0.010933321862313132,
    "recall_at_40_mean": 0.719047619047619,
    "recall_at_40_std": 0.010933321862313132,
    "hit_at_10_mean": 0.9523809523809523,
    "hit_at_10_std": 0.015873015873015872,
    "complete_at_20_mean": 0.4656084656084656,
    "complete_at_20_std": 0.009164289987136916,
    "complete_at_40_mean": 0.4656084656084656,
    "complete_at_40_std": 0.009164289987136916,
    "mrr_mean": 0.86331569664903,
    "mrr_std": 0.017008202400340296,
    "ndcg_at_10_mean": 0.6838225177474988,
    "ndcg_at_10_std": 0.022429553661139485
  },
  "graph:entity_relation:A0B1": {
    "seed_count": 3,
    "recall_at_5_mean": 0.7139329805996473,
    "recall_at_5_std": 0.007030934485106769,
    "recall_at_10_mean": 0.7883597883597884,
    "recall_at_10_std": 0.002684891948437062,
    "recall_at_20_mean": 0.8671957671957672,
    "recall_at_20_std": 0.004761904761904745,
    "recall_at_30_mean": 0.87336860670194,
    "recall_at_30_std": 0.003522924930412396,
    "recall_at_40_mean": 0.8786596119929453,
    "recall_at_40_std": 0.006356550719908304,
    "hit_at_10_mean": 0.9735449735449735,
    "hit_at_10_std": 0.02424643224844362,
    "complete_at_20_mean": 0.7301587301587301,
    "complete_at_20_std": 0.031746031746031744,
    "complete_at_40_mean": 0.7407407407407407,
    "complete_at_40_std": 0.03994621394323151,
    "mrr_mean": 0.8632218239745121,
    "mrr_std": 0.02321776189228666,
    "ndcg_at_10_mean": 0.7214567268836264,
    "ndcg_at_10_std": 0.004871276083047856
  },
  "graph:reified_fact:A0B1": {
    "seed_count": 3,
    "recall_at_5_mean": 0.7397707231040564,
    "recall_at_5_std": 0.006267850315314611,
    "recall_at_10_mean": 0.830952380952381,
    "recall_at_10_std": 0.02337043685223043,
    "recall_at_20_mean": 0.908289241622575,
    "recall_at_20_std": 0.03454314702339889,
    "recall_at_30_mean": 0.9338624338624338,
    "recall_at_30_std": 0.033500880673601525,
    "recall_at_40_mean": 0.9391534391534392,
    "recall_at_40_std": 0.03807686211708371,