{
  "dense_bge_identity": {
    "condition": "dense_bge_identity",
    "seed_count": 3,
    "mrr_mean": 0.7587568360677605,
    "mrr_std": 0.0,
    "ndcg_at_10_mean": 0.6239392979746026,
    "ndcg_at_10_std": 0.0,
    "seconds_mean": 0.0008708584422945345,
    "seconds_std": 0.00013715472374652805,
    "recall_at_1_mean": 0.2822751322751323,
    "recall_at_1_std": 0.0,
    "hit_at_1_mean": 0.6190476190476191,
    "hit_at_1_std": 0.0,
    "complete_at_1_mean": 0.0,
    "complete_at_1_std": 0.0,
    "recall_at_2_mean": 0.4013227513227513,
    "recall_at_2_std": 0.0,
    "hit_at_2_mean": 0.8253968253968254,
    "hit_at_2_std": 0.0,
    "complete_at_2_mean": 0.031746031746031744,
    "complete_at_2_std": 0.0,
    "recall_at_5_mean": 0.5989417989417989,
    "recall_at_5_std": 0.0,
    "hit_at_5_mean": 0.9365079365079365,
    "hit_at_5_std": 0.0,
    "complete_at_5_mean": 0.23809523809523808,
    "complete_at_5_std": 0.0,
    "recall_at_10_mean": 0.7335978835978836,
    "recall_at_10_std": 0.0,
    "hit_at_10_mean": 0.9841269841269841,
    "hit_at_10_std": 0.0,
    "complete_at_10_mean": 0.4444444444444444,
    "complete_at_10_std": 0.0,
    "recall_at_20_mean": 0.8664021164021164,
    "recall_at_20_std": 0.0,
    "hit_at_20_mean": 1.0,
    "hit_at_20_std": 0.0,
    "complete_at_20_mean": 0.6825396825396826,
    "complete_at_20_std": 0.0,
    "recall_at_30_mean": 0.9404761904761905,
    "recall_at_30_std": 0.0,
    "hit_at_30_mean": 1.0,
    "hit_at_30_std": 0.0,
    "complete_at_30_mean": 0.8571428571428571,
    "complete_at_30_std": 0.0,
    "recall_at_40_mean": 0.9656084656084656,
    "recall_at_40_std": 0.0,
    "hit_at_40_mean": 1.0,
    "hit_at_40_std": 0.0,
    "complete_at_40_mean": 0.9206349206349206,
    "complete_at_40_std": 0.0
  },
  "trained_full": {
    "condition": "trained_full",
    "seed_count": 3,
    "mrr_mean": 0.4132506705584176,
    "mrr_std": 0.009463437864741926,
    "ndcg_at_10_mean": 0.359042939151272,
    "ndcg_at_10_std": 0.005829604249522886,
    "seconds_mean": 0.00940146649049388,
    "seconds_std": 0.00021230913899338103,
    "recall_at_1_mean": 0.0992063492063492,
    "recall_at_1_std": 0.007936507936507936,
    "hit_at_1_mean": 0.23809523809523808,
    "hit_at_1_std": 0.015873015873015872,
    "complete_at_1_mean": 0.0,
    "complete_at_1_std": 0.0,
    "recall_at_2_mean": 0.1697530864197531,
    "recall_at_2_std": 0.0027535264543202833,
    "hit_at_2_mean": 0.36507936507936506,
    "hit_at_2_std": 0.0,
    "complete_at_2_mean": 0.015873015873015872,
    "complete_at_2_std": 0.0,
    "recall_at_5_mean": 0.3880070546737214,
    "recall_at_5_std": 0.00880731232603095,
    "hit_at_5_mean": 0.6666666666666666,
    "hit_at_5_std": 0.015873015873015872,
    "complete_at_5_mean": 0.12698412698412698,
    "complete_at_5_std": 0.0,
    "recall_at_10_mean": 0.5057319223985891,
    "recall_at_10_std": 0.007853772161626943,
    "hit_at_10_mean": 0.7671957671957672,
    "hit_at_10_std": 0.024246432248443573,
    "complete_at_10_mean": 0.2698412698412698,
    "complete_at_10_std": 0.0,
    "recall_at_20_mean": 0.7693121693121693,
    "recall_at_20_std": 0.010499013139145206,
    "hit_at_20_mean": 0.9417989417989417,
    "hit_at_20_std": 0.009164289987136883,
    "complete_at_20_mean": 0.5608465608465608,
    "complete_at_20_std": 0.018328579974273833,
    "recall_at_30_mean": 0.9153439153439153,
    "recall_at_30_std": 0.009164289987136883,
    "hit_at_30_mean": 0.9788359788359788,
    "hit_at_30_std": 0.009164289987136883,
    "complete_at_30_mean": 0.8518518518518519,
    "complete_at_30_std": 0.009164289987136883,
    "recall_at_40_mean": 0.9682539682539683,
    "recall_at_40_std": 0.0,
    "hit_at_40_mean": 1.0,
    "hit_at_40_std": 0.0,
    "complete_at_40_mean": 0.9365079365079365,
    "complete_at_40_std": 0.0
  },
  "trained_raw": {
    "condition": "trained_raw",
    "seed_count": 3,
    "mrr_mean": 0.40661255540547137,
    "mrr_std": 0.008987945625632805,
    "ndcg_at_10_mean": 0.3547222094370316,
    "ndcg_at_10_std": 0.009006790883307997,
    "seconds_mean": 0.009559528329335744,
    "seconds_std": 0.00020782653656863033,
    "recall_at_1_mean": 0.09656084656084656,
    "recall_at_1_std": 0.004582144993568458,
    "hit_at_1_mean": 0.2328042328042328,
    "hit_at_1_std": 0.009164289987136916,
    "complete_at_1_mean": 0.0,
    "complete_at_1_std": 0.0,
    "recall_at_2_mean": 0.17239858906525574,
    "recall_at_2_std": 0.01389413691057208,
    "hit_at_2_mean": 0.3544973544973545,
    "hit_at_2_std": 0.03304231745184338,
    "complete_at_2_mean": 0.026455026455026454,
    "complete_at_2_std": 0.009164289987136916,
    "recall_at_5_mean": 0.37804232804232807,
    "recall_at_5_std": 0.02080213082870026,
    "hit_at_5_mean": 0.6666666666666666,
    "hit_at_5_std": 0.015873015873015872,
    "complete_at_5_mean": 0.1164021164021164,
    "complete_at_5_std": 0.018328579974273833,
    "recall_at_10_mean": 0.5032627865961199,
    "recall_at_10_std": 0.009528707343379265,
    "hit_at_10_mean": 0.7671957671957672,
    "hit_at_10_std": 0.024246432248443573,
    "complete_at_10_mean": 0.26455026455026454,
    "complete_at_10_std": 0.009164289987136916,
    "recall_at_20_mean": 0.7600529100529101,
    "recall_at_20_std": 0.020363497775582908,
    "hit_at_20_mean": 0.9523809523809523,
    "hit_at_20_std": 0.0,
    "complete_at_20_mean": 0.5343915343915344,
    "complete_at_20_std": 0.03994621394323148,
    "recall_at_30_mean": 0.908289241622575,
    "recall_at_30_std": 0.010015711368254429,
    "hit_at_30_mean": 0.9788359788359788,
    "hit_at_30_std": 0.009164289987136883,
    "complete_at_30_mean": 0.8359788359788359,
    "complete_at_30_std": 0.009164289987136948,
    "recall_at_40_mean": 0.9682539682539683,
    "recall_at_40_std": 0.0,
    "hit_at_40_mean": 1.0,
    "hit_at_40_std": 0.0,
    "complete_at_40_mean": 0.9365079365079365,
    "complete_at_40_std": 0.0
  },
  "untrained_full": {
    "condition": "untrained_full",
    "seed_count": 3,
    "mrr_mean": 0.1786752756148055,
    "mrr_std": 0.02343892098685115,
    "ndcg_at_10_mean": 0.12335757412921522,
    "ndcg_at_10_std": 0.017422154922365606,
    "seconds_mean": 0.009413523413487291,
    "seconds_std": 0.0002581700927497685,
    "recall_at_1_mean": 0.0291005291005291,
    "recall_at_1_std": 0.00476924771886771,
    "hit_at_1_mean": 0.06878306878306878,
    "hit_at_1_std": 0.018328579974273833,
    "complete_at_1_mean": 0.0,
    "complete_at_1_std": 0.0,
    "recall_at_2_mean": 0.05335097001763668,
    "recall_at_2_std": 0.007750615445876078,
    "hit_at_2_mean": 0.12169312169312169,
    "hit_at_2_std": 0.024246432248443597,
    "complete_at_2_mean": 0.0,
    "complete_at_2_std": 0.0,
    "recall_at_5_mean": 0.10008818342151675,
    "recall_at_5_std": 0.02121906422489588,
    "hit_at_5_mean": 0.21693121693121692,
    "hit_at_5_std": 0.03994621394323148,
    "complete_at_5_mean": 0.005291005291005291,
    "complete_at_5_std": 0.009164289987136916,
    "recall_at_10_mean": 0.19541446208112875,
    "recall_at_10_std": 0.02514387553683113,
    "hit_at_10_mean": 0.4021164021164021,
    "hit_at_10_std": 0.05574419975054359,
    "complete_at_10_mean": 0.021164021164021163,
    "complete_at_10_std": 0.009164289987136916,
    "recall_at_20_mean": 0.4775132275132275,
    "recall_at_20_std": 0.03382521102312084,
    "hit_at_20_mean": 0.7354497354497355,
    "hit_at_20_std": 0.009164289987136948,
    "complete_at_20_mean": 0.2328042328042328,
    "complete_at_20_std": 0.0600942682095267,
    "recall_at_30_mean": 0.7205467372134039,
    "recall_at_30_std": 0.022488847295089032,
    "hit_at_30_mean": 0.9153439153439153,
    "hit_at_30_std": 0.03304231745184336,
    "complete_at_30_mean": 0.5185185185185185,
    "complete_at_30_std": 0.018328579974273833,
    "recall_at_40_mean": 0.9071428571428571,
    "recall_at_40_std": 0.03395222058102994,
    "hit_at_40_mean": 0.9947089947089947,
    "hit_at_40_std": 0.009164289987136948,
    "complete_at_40_mean": 0.8095238095238095,